,0
Post Malone,1
Tim McGraw,1
Hunter Hayes,1
Lionel Richie,1
Neon Trees,1
Foster The People,1
Gym Class Heroes,1
The Band Perry,1
Little Big Town,1
Florence + The Machine,1
Trey Songz,1
Jennifer Lopez,1
Nickelback,1
Rascal Flatts,1
J. Cole,1
Big Sean,1
Jason Mraz,1
Miranda Lambert,1
2 Chainz,1
Jessie J,1
Snoop Dogg,1
Van Halen,1
Mary J. Blige,1
Scotty McCreery,1
Brad Paisley,1
Andrea Bocelli,1
Dierks Bentley,1
Ne-Yo,1
B.o.B,1
Kip Moore,1
Rick Ross,1
Alex Clare,1
Kimbra,1
Lee Brice,1
Michael Jackson,1
Britney Spears,1
Young Jeezy,1
Shakira,1
Dave Matthews Band,1
PSY,1
JAY-Z,1
fun.,1
Demi Lovato,1
Michael Buble,1
Carrie Underwood,1
Roger Waters,1
Wiz Khalifa,1
Lady A,1
Usher,1
Pitbull,1
Bruce Springsteen,1
Gotye,1
Madonna,1
Chris Brown,1
Lil Wayne,1
David Guetta,1
Bruno Mars,1
Luke Bryan,1
Lady Gaga,1
Kelly Clarkson,1
Mumford & Sons,1
Eric Church,1
Eminem,1
Zac Brown Band,1
Selena Gomez & The Scene,1
The Black Keys,1
Calvin Harris,1
Ellie Goulding,1
Beyonce,1
Tyga,1
Linkin Park,1
Kanye West,1
Kenny Chesney,1
Train,1
Toby Keith,1
Skrillex,1
The Wanted,1
P!nk,1
Whitney Houston,1
Blake Shelton,1
The Lumineers,1
Phillip Phillips,1
Miguel,1
Gavin DeGraw,1
Keith Urban,1
OneRepublic,1
Roger Waters,1
Glee Cast,1
Lupe Fiasco,1
Trey Songz,1
Akon,1
Mumford & Sons,1
Susan Boyle,1
Brad Paisley,1
Foster The People,1
Jennifer Lopez,1
Coldplay,1
Shakira,1
Maroon 5,1
Linkin Park,1
Rascal Flatts,1
Luke Bryan,1
Nelly,1
Sugarland,1
Jeremih,1
Tim McGraw,1
Waka Flocka Flame,1
Josh Groban,1
Don Omar,1
JAY-Z,1
Eric Church,1
Toby Keith,1
Taio Cruz,1
Michael Buble,1
Miguel,1
Kid Rock,1
The Script,1
Miranda Lambert,1
Bad Meets Evil,1
50 Cent,1
Keri Hilson,1
Take That,1
David Guetta,1
The Band Perry,1
Bruno Mars,1
Jason Aldean,1
Eminem,1
The Black Eyed Peas,1
Chris Brown,1
Justin Bieber,1
Taylor Swift,1
Nicki Minaj,1
Lil Wayne,1
Wiz Khalifa,1
Lady Gaga,1
Katy Perry,1
Rihanna,1
Adele,1
John Mayer,1
Lana Del Rey,1
Glee Cast,1
Britney Spears,1
P!nk,1
Avril Lavigne,1
Bon Jovi,1
Michael Jackson,1
Zac Brown Band,1
Selena Gomez & The Scene,1
CeeLo Green,1
Blake Shelton,1
Kenny Chesney,1
Enrique Iglesias,1
Beyonce,1
Pitbull,1
LMFAO,1
Drake,1
U2,1
Usher,1
Lady A,1
Ke$ha,1
Kanye West,1
Carly Rae Jepsen,1
Jason Aldean,1
The Weeknd,1
Becky G,1
Maroon 5,1
Miley Cyrus,1
One Direction,1
Imagine Dragons,1
P!nk,1
Macklemore & Ryan Lewis,1
Rihanna,1
Justin Timberlake,1
Taylor Swift,1
Bruno Mars,1
Childish Gambino,1
Christina Aguilera,1
Sara Bareilles,1
Kelly Clarkson,1
MKTO,1
Rascal Flatts,1
Bob Marley And The Wailers,1
Drake,1
Justin Bieber,1
Luke Bryan,1
Baauer,1
Pitbull,1
Bon Jovi,1
Jason Aldean,1
Selena Gomez,1
Phillip Phillips,1
Lady Gaga,1
Lorde,1
Mumford & Sons,1
Katy Perry,1
Lil Wayne,1
The Lumineers,1
Robin Thicke,1
JAY-Z,1
Eminem,1
Blake Shelton,1
Florida Georgia Line,1
Elton John,1
Cher,1
Coldplay,1
Jhene Aiko,1
Kid Ink,1
George Strait,1
ScHoolboy Q,1
Lana Del Rey,1
Juicy J,1
Tove Lo,1
American Authors,1
YG,1
Keith Urban,1
Garth Brooks,1
Lady A,1
Trey Songz,1
Miranda Lambert,1
Wiz Khalifa,1
Michael Jackson,1
Michael Buble,1
Paul McCartney,1
Paramore,1
Dierks Bentley,1
Austin Mahone,1
2 Chainz,1
Arctic Monkeys,1
DJ Snake,1
Kenny Chesney,1
Lil Jon,1
A Great Big World,1
Romeo Santos,1
Disclosure,1
Martin Garrix,1
Jennifer Lopez,1
Britney Spears,1
Billy Joel,1
Cole Swindell,1
Aloe Blacc,1
Zac Brown Band,1
Snoop Dogg,1
Bruce Springsteen,1
Daft Punk,1
Kendrick Lamar,1
Nicki Minaj,1
Hunter Hayes,1
Muse,1
Mariah Carey,1
Wale,1
Zedd,1
Brad Paisley,1
Avril Lavigne,1
Wanz,1
Swedish House Mafia,1
Christina Aguilera,1
Rod Stewart,1
Of Monsters And Men,1
Little Big Town,1
Pharrell Williams,1
Depeche Mode,1
George Strait,1
A$AP Rocky,1
Capital Cities,1
Jennifer Lopez,1
Michael Jackson,1
The Weeknd,1
Drake,1
Flo Rida,1
One Direction,1
LMFAO,1
Maroon 5,1
Katy Perry,1
Nicki Minaj,1
Justin Bieber,1
Taylor Swift,1
Paul McCartney,1
Rihanna,1
Adele,1
Kanye West,1
Icona Pop,1
David Guetta,1
Randy Houser,1
Lee Brice,1
T.I.,1
OneRepublic,1
Miranda Lambert,1
Carrie Underwood,1
Tim McGraw,1
Michael Buble,1
Adele,1
Kelly Clarkson,1
2 Chainz,1
Ke$ha,1
Ariana Grande,1
PSY,1
will.i.am,1
Avicii,1
Kenny Chesney,1
Demi Lovato,1
Britney Spears,1
Beyonce,1
fun.,1
Alicia Keys,1
Chris Brown,1
Lana Del Rey,1
Calvin Harris,1
Anna Kendrick,1
Ellie Goulding,1
Wiz Khalifa,1
Eric Church,1
Flo Rida,1
Future,1
Zac Brown Band,1
AWOLNATION,1
Darius Rucker,1
Ed Sheeran,1
Fall Out Boy,1
Lady A,1
Miguel,1
The Band Perry,1
The Rolling Stones,1
Bruce Springsteen,1
J. Cole,1
Ludacris,1
Hot Chelle Rae,1
Thompson Square,1
Britney Spears,1
Linkin Park,1
Paramore,1
Madonna,1
Akon,1
Sean Kingston,1
Young Jeezy,1
Soulja Boy Tell'em,1
Jason Mraz,1
Brad Paisley,1
Eagles,1
The-Dream,1
Plies,1
Kenny Chesney,1
Rascal Flatts,1
George Strait,1
Daughtry,1
Mary J. Blige,1
Finger Eleven,1
Garth Brooks,1
Akon,1
Timbaland,1
T.I.,1
Fall Out Boy,1
Kanye West,1
Maroon 5,1
Rascal Flatts,1
Nelly Furtado,1
Rihanna,1
Gwen Stefani,1
Fergie,1
T-Pain,1
Avril Lavigne,1
Nickelback,1
Beyonce,1
Carrie Underwood,1
Daughtry,1
Justin Timberlake,1
P!nk,1
Keyshia Cole,1
Far*East Movement,1
Kid Rock,1
Miley Cyrus,1
Leona Lewis,1
Taylor Swift,1
Alicia Keys,1
Rihanna,1
Lil Wayne,1
Chris Brown,1
Maxwell,1
Mariah Carey,1
Toby Keith,1
Jeremih,1
Jonas Brothers,1
3OH!3,1
Coldplay,1
Kenny Chesney,1
Kid Cudi,1
Darius Rucker,1
Jordin Sparks,1
Jonas Brothers,1
T.I.,1
Mariah Carey,1
Timbaland,1
Natasha Bedingfield,1
OneRepublic,1
Fergie,1
Sara Bareilles,1
Usher,1
Sugarland,1
Katy Perry,1
Coldplay,1
Kanye West,1
Ne-Yo,1
Colbie Caillat,1
Josh Groban,1
T-Pain,1
Carrie Underwood,1
Flo Rida,1
Linkin Park,1
JAY-Z,1
Ciara,1
The Fray,1
Kenny Chesney,1
Red Hot Chili Peppers,1
Shakira,1
Mariah Carey,1
Nelly Furtado,1
Chamillionaire,1
Yung Joc,1
Gnarls Barkley,1
Natasha Bedingfield,1
Eminem,1
The Black Eyed Peas,1
Daniel Powter,1
Fall Out Boy,1
T.I.,1
Carrie Underwood,1
Kelly Clarkson,1
Beyonce,1
Panic! At The Disco,1
Fergie,1
Jamie Foxx,1
Kanye West,1
Madonna,1
Juelz Santana,1
D4L,1
Toby Keith,1
Keith Urban,1
Tim McGraw,1
Snow Patrol,1
KT Tunstall,1
Cassie,1
Keyshia Cole,1
Ludacris,1
T-Pain,1
Hinder,1
Dem Franchize Boyz,1
Christina Aguilera,1
Nelly,1
The All-American Rejects,1
James Blunt,1
Justin Timberlake,1
Taylor Swift,1
Soulja Boy Tell'em,1
Sean Kingston,1
Shop Boyz,1
Unk,1
Lloyd,1
Robin Thicke,1
Kenny Chesney,1
Ludacris,1
John Mayer,1
Mims,1
Brad Paisley,1
Ne-Yo,1
P!nk,1
Plain White T's,1
Hinder,1
Tim McGraw,1
My Chemical Romance,1
Amy Winehouse,1
The Fray,1
Chris Brown,1
Mary J. Blige,1
Rihanna,1
The Pussycat Dolls,1
Ne-Yo,1
Sean Paul,1
Rascal Flatts,1
Nickelback,1
Josh Groban,1
Young Jeezy,1
R. Kelly,1
Snoop Dogg,1
50 Cent,1
Chris Brown,1
Sugarland,1
Keith Urban,1
Bow Wow,1
Sugarland,1
Lady A,1
Green Day,1
Kris Allen,1
Nicki Minaj,1
Mike Posner,1
John Mayer,1
Owl City,1
Iyaz,1
Andrea Bocelli,1
Young Money,1
Michael Jackson,1
Adam Lambert,1
JAY-Z,1
Zac Brown Band,1
Miley Cyrus,1
Carrie Underwood,1
Bruno Mars,1
Alicia Keys,1
Lil Wayne,1
Michael Buble,1
Jason Aldean,1
Glee Cast,1
Jay Sean,1
Enrique Iglesias,1
Chris Brown,1
Kenny Chesney,1
Darius Rucker,1
Pitbull,1
Daughtry,1
Beyonce,1
Kings Of Leon,1
Sugarland,1
Selena Gomez,1
Sade,1
David Guetta,1
Snoop Dogg,1
OneRepublic,1
Timbaland,1
The Script,1
Miranda Lambert,1
Trey Songz,1
Ludacris,1
Train,1
Florence + The Machine,1
George Strait,1
Demi Lovato,1
Journey,1
Kelly Clarkson,1
Billy Currington,1
Jason Derulo,1
Train,1
The Beatles,1
Dr. Dre,1
Chris Young,1
Diddy - Dirty Money,1
Christina Aguilera,1
Kelly Rowland,1
Scotty McCreery,1
Foo Fighters,1
Christina Perri,1
Red Hot Chili Peppers,1
T.I.,1
Taio Cruz,1
The Black Eyed Peas,1
B.o.B,1
Jason Derulo,1
Susan Boyle,1
Katy Perry,1
Drake,1
Rihanna,1
Justin Bieber,1
Usher,1
Mike Posner,1
Ke$ha,1
Lady A,1
Eminem,1
Taylor Swift,1
Lady Gaga,1
DJ Khaled,1
Carrie Underwood,1
Nickelback,1
P!nk,1
Daughtry,1
Mary J. Blige,1
The Fray,1
Jason Mraz,1
Kelly Clarkson,1
Flo Rida,1
Katy Perry,1
Kings Of Leon,1
P!nk,1
Nickelback,1
T.I.,1
Britney Spears,1
Kanye West,1
Miley Cyrus,1
The Black Eyed Peas,1
Lady Gaga,1
Beyonce,1
Taylor Swift,1
The Band Perry,1
Ne-Yo,1
Lil Wayne,1
Rascal Flatts,1
Keri Hilson,1
Jason Aldean,1
Carrie Underwood,1
T-Pain,1
David Cook,1
Keith Urban,1
Soulja Boy Tell'em,1
Shinedown,1
JAY-Z,1
Zac Brown Band,1
Akon,1
Drake,1
The All-American Rejects,1
Eminem,1
Jamie Foxx,1
Rihanna,1
Pitbull,1
Kanye West,1
Sara Bareilles,1
Shontelle,1
Luke Bryan,1
Jack Johnson,1
Blake Shelton,1
Shakira,1
Billy Currington,1
3OH!3,1
Colbie Caillat,1
Josh Turner,1
Maroon 5,1
will.i.am,1
Casting Crowns,1
Monica,1
Brad Paisley,1
Gucci Mane,1
Travie McCoy,1
La Roux,1
Nelly,1
Orianthi,1
Easton Corbin,1
Melanie Fiona,1
Reba McEntire,1
Shinedown,1
Robin Thicke,1
Flo Rida,1
Linkin Park,1
Hayley Williams,1
Kelly Clarkson,1
Britney Spears,1
Neon Trees,1
Keith Urban,1
Tim McGraw,1
T.I.,1
Rick Ross,1
Norah Jones,1
Paramore,1
Rascal Flatts,1
Far*East Movement,1
Sia,1
Enrique Iglesias,1
Calvin Harris,1
Taylor Swift,1
J. Cole,1
P!nk,1
Halsey,1
Dua Lipa,1
Khalid,1
Juice WRLD,1
Maroon 5,1
Kendrick Lamar,1
Ariana Grande,1
Eminem,1
Travis Scott,1
Migos,1
Camila Cabello,1
Bruno Mars,1
BTS,1
Imagine Dragons,1
XXXTENTACION,1
The Weeknd,1
Justin Timberlake,1
Sam Smith,1
G-Eazy,1
Beyonce,1
NF,1
Thomas Rhett,1
Bazzi,1
Kenny Chesney,1
YoungBoy Never Broke Again,1
Luke Bryan,1
Bebe Rexha,1
Nicki Minaj,1
Ella Mai,1
Lil Baby,1
Florida Georgia Line,1
Shawn Mendes,1
Chris Stapleton,1
6ix9ine,1
Demi Lovato,1
Cardi B,1
Ed Sheeran,1
Taylor Swift,1
Post Malone,1
Billy Joel,1
DJ Khaled,1
Kanye West,1
Carrie Underwood,1
Blueface,1
City Girls,1
Justin Bieber,1
Blake Shelton,1
Lil Wayne,1
Future,1
"Tyler, The Creator",1
Trippie Redd,1
Offset,1
Bastille,1
Morgan Wallen,1
Summer Walker,1
Chris Stapleton,1
Eagles,1
Backstreet Boys,1
Paul McCartney,1
Lil Uzi Vert,1
Drake,1
Luke Bryan,1
benny blanco,1
Eric Church,1
The Weeknd,1
Fleetwood Mac,1
Nipsey Hussle,1
Migos,1
Megan Thee Stallion,1
Sheck Wes,1
Polo G,1
Kendrick Lamar,1
6ix9ine,1
Mustard,1
Bazzi,1
Maren Morris,1
Lil Wayne,1
Lil Pump,1
Kane Brown,1
Jason Aldean,1
Drake,1
Bruno Mars,1
Ed Sheeran,1
Gunna,1
Lauren Daigle,1
Harry Styles,1
DJ Khaled,1
Celine Dion,1
Foo Fighters,1
Journey,1
Maren Morris,1
Billy Joel,1
Gucci Mane,1
Ty Dolla $ign,1
Old Dominion,1
The Carters,1
twenty one pilots,1
Kendrick Lamar,1
The Weeknd,1
The Chainsmokers,1
Guns N' Roses,1
Metallica,1
J. Cole,1
Khalid,1
DJ Khaled,1
Rihanna,1
U2,1
Post Malone,1
Ariana Grande,1
Justin Bieber,1
Imagine Dragons,1
Migos,1
Lil Uzi Vert,1
Coldplay,1
BTS,1
Shawn Mendes,1
Future,1
Rihanna,1
Young Thug,1
Pentatonix,1
Kodak Black,1
5 Seconds Of Summer,1
Selena Gomez,1
U2,1
Rich The Kid,1
Marshmello,1
Panic! At The Disco,1
Charlie Puth,1
SZA,1
Dan + Shay,1
Lil Uzi Vert,1
Chris Brown,1
JAY-Z,1
21 Savage,1
Logic,1
Luke Combs,1
Kanye West,1
J Balvin,1
Lady Gaga,1
Queen,1
Future,1
Metro Boomin,1
Offset,1
Elton John,1
Keith Urban,1
Lauv,1
BlocBoy JB,1
EXO,1
Lil Skies,1
Ozuna,1
Blake Shelton,1
Portugal. The Man,1
Childish Gambino,1
Brett Young,1
Eagles,1
The Rolling Stones,1
Bad Bunny,1
Billy Ray Cyrus,1
twenty one pilots,1
Florida Georgia Line,1
Mariah Carey,1
blackbear,1
Dan + Shay,1
A Boogie Wit da Hoodie,1
Cardi B,1
Queen,1
Arizona Zervas,1
Blake Shelton,1
Summer Walker,1
Jason Aldean,1
Jhene Aiko,1
Jack Harlow,1
Trevor Daniel,1
SAINt JHN,1
Lil Mosey,1
Khalid,1
Lady Gaga,1
Gabby Barrett,1
Sam Hunt,1
Trippie Redd,1
Mustard,1
YNW Melly,1
NF,1
Tory Lanez,1
Thomas Rhett,1
Fleetwood Mac,1
Lil Durk,1
Luke Bryan,1
Old Dominion,1
Don Toliver,1
Lil Nas X,1
Celine Dion,1
The Beatles,1
JACKBOYS,1
Shawn Mendes,1
XXXTENTACION,1
Mac Miller,1
Moneybagg Yo,1
Camila Cabello,1
Selena Gomez,1
Ed Sheeran,1
Billie Eilish,1
BTS,1
YoungBoy Never Broke Again,1
Lewis Capaldi,1
Justin Bieber,1
Lil Uzi Vert,1
Luke Combs,1
Dua Lipa,1
Pop Smoke,1
Megan Thee Stallion,1
Taylor Swift,1
Harry Styles,1
Lil Baby,1
Juice WRLD,1
Drake,1
DaBaby,1
Roddy Ricch,1
Bad Bunny,1
Rod Wave,1
Polo G,1
Kane Brown,1
Tones And I,1
Elton John,1
Gunna,1
Halsey,1
Maren Morris,1
Jonas Brothers,1
Chris Brown,1
Young Thug,1
Doja Cat,1
Maroon 5,1
Eminem,1
Ariana Grande,1
Future,1
Lizzo,1
Morgan Wallen,1
Travis Scott,1
Kendrick Lamar,1
NLE Choppa,1
Normani,1
Lil Wayne,1
Maroon 5,1
Thomas Rhett,1
Marshmello,1
Lady Gaga,1
Kane Brown,1
Gunna,1
YoungBoy Never Broke Again,1
21 Savage,1
Kodak Black,1
Bad Bunny,1
Imagine Dragons,1
Elton John,1
J. Cole,1
XXXTENTACION,1
Chris Brown,1
P!nk,1
A Boogie Wit da Hoodie,1
Swae Lee,1
Camila Cabello,1
Sam Smith,1
Bradley Cooper,1
The Beatles,1
Ava Max,1
Michael Buble,1
NF,1
Jason Aldean,1
Eminem,1
Lewis Capaldi,1
Ella Mai,1
YNW Melly,1
Young Thug,1
Bruno Mars,1
Metallica,1
Lil Tecca,1
Lauren Daigle,1
5 Seconds Of Summer,1
The Rolling Stones,1
Dan + Shay,1
Queen,1
Meek Mill,1
Miranda Lambert,1
Kenny Chesney,1
Sam Smith,1
H.E.R.,1
Marshmello,1
SHAED,1
Michael Jackson,1
Chris Stapleton,1
Jon Pardi,1
Post Malone,1
Lil Tjay,1
Lil Tecca,1
Trans-Siberian Orchestra,1
Surfaces,1
U2,1
Eagles,1
Lee Brice,1
Maddie & Tae,1
Ariana Grande,1
Lizzo,1
Juice WRLD,1
Shawn Mendes,1
Lil Baby,1
Luke Combs,1
Panic! At The Disco,1
BTS,1
DaBaby,1
Cardi B,1
Jonas Brothers,1
Billie Eilish,1
Halsey,1
Lil Nas X,1
Taylor Swift,1
Ed Sheeran,1
Travis Scott,1
Drake,1
Khalid,1
Halsey,1
Lady Gaga,1
Selena Gomez,1
Florida Georgia Line,1
Zac Brown Band,1
Sia,1
Shawn Mendes,1
Blake Shelton,1
Eric Church,1
5 Seconds Of Summer,1
Rae Sremmurd,1
Big Sean,1
Future,1
Chris Brown,1
Kendrick Lamar,1
Demi Lovato,1
Tove Lo,1
U2,1
OMI,1
The Rolling Stones,1
Silento,1
Jason Aldean,1
Imagine Dragons,1
Rachel Platten,1
Adele,1
Little Big Town,1
Flo Rida,1
Miley Cyrus,1
Foo Fighters,1
Eminem,1
Iggy Azalea,1
Justin Timberlake,1
Charlie Puth,1
Carrie Underwood,1
David Guetta,1
Meek Mill,1
Fleetwood Mac,1
Pentatonix,1
Pitbull,1
Andy Grammer,1
Fifth Harmony,1
Bruno Mars,1
Jason Derulo,1
Alessia Cara,1
Nick Jonas,1
Maroon 5,1
One Direction,1
Drake,1
The Weeknd,1
Ed Sheeran,1
Taylor Swift,1
Shelley FKA DRAM,1
Camila Cabello,1
Chance The Rapper,1
gnash,1
Young Thug,1
Logic,1
Lil Uzi Vert,1
Nick Jonas,1
Bebe Rexha,1
Katy Perry,1
Ed Sheeran,1
Meghan Trainor,1
Fetty Wap,1
Sam Smith,1
Fall Out Boy,1
Rihanna,1
J. Cole,1
Beyonce,1
Sam Hunt,1
Kenny Chesney,1
Katy Perry,1
Ellie Goulding,1
Hozier,1
Nicki Minaj,1
WALK THE MOON,1
Wiz Khalifa,1
Justin Bieber,1
Luke Bryan,1
Mark Ronson,1
Selena Gomez,1
Ariana Grande,1
Trey Songz,1
Billy Joel,1
Thomas Rhett,1
Calvin Harris,1
Maroon 5,1
Jason Aldean,1
Bruno Mars,1
Pitbull,1
Ed Sheeran,1
Lady Gaga,1
5 Seconds Of Summer,1
Nicki Minaj,1
Florida Georgia Line,1
Imagine Dragons,1
Justin Bieber,1
Jason Derulo,1
Drake,1
OneRepublic,1
John Legend,1
Sam Smith,1
Luke Bryan,1
Chris Brown,1
Meghan Trainor,1
Bastille,1
Shakira,1
Idina Menzel,1
Rihanna,1
Eric Church,1
Ellie Goulding,1
Brantley Gilbert,1
JAY-Z,1
Passenger,1
Eagles,1
Avicii,1
The Rolling Stones,1
Nico & Vinz,1
Charli XCX,1
Coldplay,1
Blake Shelton,1
Demi Lovato,1
MAGIC!,1
Lorde,1
Eminem,1
Pharrell Williams,1
X Ambassadors,1
Mumford & Sons,1
Neil Diamond,1
Tim McGraw,1
Major Lazer,1
Rich Homie Quan,1
Kid Ink,1
Vance Joy,1
twenty one pilots,1
A$AP Rocky,1
Ne-Yo,1
DJ Snake,1
Omarion,1
Madonna,1
AC/DC,1
Shania Twain,1
Jennifer Lopez,1
Lana Del Rey,1
Usher,1
Miley Cyrus,1
Enrique Iglesias,1
Ariana Grande,1
Iggy Azalea,1
Justin Timberlake,1
Taylor Swift,1
Beyonce,1
Katy Perry,1
One Direction,1
Elle King,1
Grateful Dead,1
T-Wayne,1
Jeremih,1
Cole Swindell,1
Lady Gaga,1
Kanye West,1
Kelly Clarkson,1
Garth Brooks,1
Paul McCartney,1
Jennifer Lopez,1
Disturbed,1
Rihanna,1
A Boogie Wit da Hoodie,1
Red Hot Chili Peppers,1
Quavo,1
Bryson Tiller,1
Chance The Rapper,1
Jon Pardi,1
P!nk,1
Linkin Park,1
Sam Smith,1
Julia Michaels,1
Luke Combs,1
Celine Dion,1
Zayn,1
Blake Shelton,1
Calvin Harris,1
Liam Payne,1
Camila Cabello,1
Eric Church,1
Jason Aldean,1
Tom Petty And The Heartbreakers,1
Sia,1
Beyonce,1
Drake,1
Justin Bieber,1
Adele,1
Zedd,1
Kane Brown,1
JAY-Z,1
Justin Timberlake,1
Roger Waters,1
Kesha,1
Zac Brown Band,1
2 Chainz,1
John Mayer,1
Billy Joel,1
Playboi Carti,1
Portugal. The Man,1
Daddy Yankee,1
Brett Young,1
French Montana,1
21 Savage,1
Logic,1
Pentatonix,1
Chris Stapleton,1
Childish Gambino,1
Demi Lovato,1
James Arthur,1
Gucci Mane,1
Selena Gomez,1
Florida Georgia Line,1
Travis Scott,1
Kodak Black,1
Big Sean,1
twenty one pilots,1
Rae Sremmurd,1
Niall Horan,1
Sam Hunt,1
Chris Brown,1
Charlie Puth,1
Miley Cyrus,1
Harry Styles,1
Keith Urban,1
Maluma,1
Luis Fonsi,1
Depeche Mode,1
Beyonce,1
Eminem,1
SZA,1
XXXTENTACION,1
Adele,1
Luke Bryan,1
Thomas Rhett,1
The Rolling Stones,1
Cardi B,1
Nicki Minaj,1
Katy Perry,1
Maroon 5,1
twenty one pilots,1
Ariana Grande,1
Rae Sremmurd,1
The Weeknd,1
DJ Khaled,1
Zac Brown Band,1
Jeremih,1
Troye Sivan,1
James Bay,1
Tory Lanez,1
DJ Snake,1
Travis Scott,1
Pentatonix,1
Kendrick Lamar,1
5 Seconds Of Summer,1
Nicki Minaj,1
Jason Aldean,1
Ellie Goulding,1
Major Lazer,1
Keith Urban,1
Kenny Chesney,1
J. Cole,1
The Rolling Stones,1
Wiz Khalifa,1
Cole Swindell,1
Dierks Bentley,1
Eric Church,1
Tim McGraw,1
Kiiara,1
David Bowie,1
Ty Dolla $ign,1
Maroon 5,1
P!nk,1
Eminem,1
Lady Gaga,1
Elle King,1
Billy Joel,1
Panic! At The Disco,1
Britney Spears,1
X Ambassadors,1
Celine Dion,1
Calvin Harris,1
Sam Hunt,1
Halsey,1
Bryson Tiller,1
Fetty Wap,1
G-Eazy,1
Desiigner,1
Luke Bryan,1
Prince,1
Zayn,1
Kanye West,1
Taylor Swift,1
One Direction,1
Meghan Trainor,1
Bruce Springsteen,1
The Chainsmokers,1
Future,1
Selena Gomez,1
Shawn Mendes,1
Coldplay,1
Sia,1
Fifth Harmony,1
Madonna,1
Guns N' Roses,1
Demi Lovato,1
Thomas Rhett,1
Chris Stapleton,1
Daya,1
Mike Posner,1
Chris Brown,1
Alessia Cara,1
DNCE,1
Lukas Graham,1
Blake Shelton,1
Kevin Gates,1
Flo Rida,1
Charlie Puth,1
Florida Georgia Line,1
Justin Timberlake,1
Carrie Underwood,1
Josh Turner,1
