Artist,Title,Label,Path
The Weeknd,Blinding Lights,1,/home/yamen/Projects/Technocolabs/sample_data/popular/Blinding Lights - The Weeknd.mp3
Olivia Rodrigo,Good 4 U,1,/home/yamen/Projects/Technocolabs/sample_data/popular/Good 4 U - Olivia Rodrigo.mp3
Olivia Rodrigo,Drivers License,1,/home/yamen/Projects/Technocolabs/sample_data/popular/Drivers License - Olivia Rodrigo.mp3
Lil Nas X,Montero (Call Me By Your Name),1,/home/yamen/Projects/Technocolabs/sample_data/popular/Montero (Call Me By Your Name) - Lil Nas X.mp3
BTS,Butter,1,/home/yamen/Projects/Technocolabs/sample_data/popular/Butter - BTS.mp3
Olivia Rodrigo,Deja Vu,1,/home/yamen/Projects/Technocolabs/sample_data/popular/Deja Vu - Olivia Rodrigo.mp3
Ariana Grande,Positions,1,/home/yamen/Projects/Technocolabs/sample_data/popular/Positions - Ariana Grande.mp3
Ed Sheeran,Bad Habits,1,/home/yamen/Projects/Technocolabs/sample_data/popular/Bad Habits - Ed Sheeran.mp3
Luke Combs,Forever After All,1,/home/yamen/Projects/Technocolabs/sample_data/popular/Forever After All - Luke Combs.mp3
Pop Smoke,What You Know Bout Love,1,/home/yamen/Projects/Technocolabs/sample_data/popular/What You Know Bout Love - Pop Smoke.mp3
Billie Eilish,Therefore I Am,1,/home/yamen/Projects/Technocolabs/sample_data/popular/Therefore I Am - Billie Eilish.mp3
Cardi B,Up,1,/home/yamen/Projects/Technocolabs/sample_data/popular/Up - Cardi B.mp3
Lil Baby,On Me,1,/home/yamen/Projects/Technocolabs/sample_data/popular/On Me - Lil Baby.mp3
Olivia Rodrigo,Traitor,1,/home/yamen/Projects/Technocolabs/sample_data/popular/Traitor - Olivia Rodrigo.mp3
BTS,Dynamite,1,/home/yamen/Projects/Technocolabs/sample_data/popular/Dynamite - BTS.mp3
Doja Cat,Need To Know,1,/home/yamen/Projects/Technocolabs/sample_data/popular/Need To Know - Doja Cat.mp3
Taylor Swift,Willow,1,/home/yamen/Projects/Technocolabs/sample_data/popular/Willow - Taylor Swift.mp3
Luke Combs,Better Together,1,/home/yamen/Projects/Technocolabs/sample_data/popular/Better Together - Luke Combs.mp3
Doja Cat,Streets,1,/home/yamen/Projects/Technocolabs/sample_data/popular/Streets - Doja Cat.mp3
Drake,What's Next,1,/home/yamen/Projects/Technocolabs/sample_data/popular/What's Next - Drake.mp3
Roddy Ricch,Late At Night,1,/home/yamen/Projects/Technocolabs/sample_data/popular/Late At Night - Roddy Ricch.mp3
Justin Bieber,Anyone,1,/home/yamen/Projects/Technocolabs/sample_data/popular/Anyone - Justin Bieber.mp3
Ariana Grande,pov,1,/home/yamen/Projects/Technocolabs/sample_data/popular/pov - Ariana Grande.mp3
The Weeknd,Take My Breath,1,/home/yamen/Projects/Technocolabs/sample_data/popular/Take My Breath - The Weeknd.mp3
Billie Eilish,Happier Than Ever,1,/home/yamen/Projects/Technocolabs/sample_data/popular/Happier Than Ever - Billie Eilish.mp3
Post Malone,Circles,1,/home/yamen/Projects/Technocolabs/sample_data/popular/Circles - Post Malone.mp3
Roddy Ricch,The Box,1,/home/yamen/Projects/Technocolabs/sample_data/popular/The Box - Roddy Ricch.mp3
Harry Styles,Adore You,1,/home/yamen/Projects/Technocolabs/sample_data/popular/Adore You - Harry Styles.mp3
Maroon 5,Memories,1,/home/yamen/Projects/Technocolabs/sample_data/popular/Memories - Maroon 5.mp3
Doja Cat,Say So,1,/home/yamen/Projects/Technocolabs/sample_data/popular/Say So - Doja Cat.mp3
Billie Eilish,Everything I Wanted,1,/home/yamen/Projects/Technocolabs/sample_data/popular/Everything I Wanted - Billie Eilish.mp3
Harry Styles,Watermelon Sugar,1,/home/yamen/Projects/Technocolabs/sample_data/popular/Watermelon Sugar - Harry Styles.mp3
The Weeknd,Heartless,1,/home/yamen/Projects/Technocolabs/sample_data/popular/Heartless - The Weeknd.mp3
DaBaby,BOP,1,/home/yamen/Projects/Technocolabs/sample_data/popular/BOP - DaBaby.mp3
Drake,Toosie Slide,1,/home/yamen/Projects/Technocolabs/sample_data/popular/Toosie Slide - Drake.mp3
Morgan Wallen,Chasin' You,1,/home/yamen/Projects/Technocolabs/sample_data/popular/Chasin' You - Morgan Wallen.mp3
Lil Baby,Woah,1,/home/yamen/Projects/Technocolabs/sample_data/popular/Woah - Lil Baby.mp3
Travis Scott,HIGHEST IN THE ROOM,1,/home/yamen/Projects/Technocolabs/sample_data/popular/HIGHEST IN THE ROOM - Travis Scott.mp3
Billie Eilish,Bad Guy,1,/home/yamen/Projects/Technocolabs/sample_data/popular/Bad Guy - Billie Eilish.mp3
Justin Bieber,Yummy,1,/home/yamen/Projects/Technocolabs/sample_data/popular/Yummy - Justin Bieber.mp3
Lil Nas X,Panini,1,/home/yamen/Projects/Technocolabs/sample_data/popular/Panini - Lil Nas X.mp3
Lil Baby,Emotionally Scarred,1,/home/yamen/Projects/Technocolabs/sample_data/popular/Emotionally Scarred - Lil Baby.mp3
Lil Baby,The Bigger Picture,1,/home/yamen/Projects/Technocolabs/sample_data/popular/The Bigger Picture - Lil Baby.mp3
Jonas Brothers,Only Human,1,/home/yamen/Projects/Technocolabs/sample_data/popular/Only Human - Jonas Brothers.mp3
Lil Baby,Sum 2 Prove,1,/home/yamen/Projects/Technocolabs/sample_data/popular/Sum 2 Prove - Lil Baby.mp3
Halsey,You Should Be Sad,1,/home/yamen/Projects/Technocolabs/sample_data/popular/You Should Be Sad - Halsey.mp3
Pop Smoke,Dior,1,/home/yamen/Projects/Technocolabs/sample_data/popular/Dior - Pop Smoke.mp3
Luke Combs,Even Though I'm Leaving,1,/home/yamen/Projects/Technocolabs/sample_data/popular/Even Though I'm Leaving - Luke Combs.mp3
Juice WRLD,Wishing Well,1,/home/yamen/Projects/Technocolabs/sample_data/popular/Wishing Well - Juice WRLD.mp3
Morgan Wallen,More Than My Hometown,1,/home/yamen/Projects/Technocolabs/sample_data/popular/More Than My Hometown - Morgan Wallen.mp3
Luke Combs,Lovin' On You,1,/home/yamen/Projects/Technocolabs/sample_data/popular/Lovin' On You - Luke Combs.mp3
Halsey,Without Me,1,/home/yamen/Projects/Technocolabs/sample_data/popular/Without Me - Halsey.mp3
Post Malone,Wow.,1,/home/yamen/Projects/Technocolabs/sample_data/popular/Wow. - Post Malone.mp3
Ariana Grande,7 Rings,1,/home/yamen/Projects/Technocolabs/sample_data/popular/7 Rings - Ariana Grande.mp3
Khalid,Talk,1,/home/yamen/Projects/Technocolabs/sample_data/popular/Talk - Khalid.mp3
Travis Scott,Sicko Mode,1,/home/yamen/Projects/Technocolabs/sample_data/popular/Sicko Mode - Travis Scott.mp3
Jonas Brothers,Sucker,1,/home/yamen/Projects/Technocolabs/sample_data/popular/Sucker - Jonas Brothers.mp3
Ariana Grande,"Thank U, Next",1,"/home/yamen/Projects/Technocolabs/sample_data/popular/Thank U, Next - Ariana Grande.mp3"
Khalid,Better,1,/home/yamen/Projects/Technocolabs/sample_data/popular/Better - Khalid.mp3
DaBaby,Suge,1,/home/yamen/Projects/Technocolabs/sample_data/popular/Suge - DaBaby.mp3
Shawn Mendes,If I Can't Have You,1,/home/yamen/Projects/Technocolabs/sample_data/popular/If I Can't Have You - Shawn Mendes.mp3
Post Malone,Better Now,1,/home/yamen/Projects/Technocolabs/sample_data/popular/Better Now - Post Malone.mp3
Ariana Grande,"Break Up With Your Girlfriend, I'm Bored",1,"/home/yamen/Projects/Technocolabs/sample_data/popular/Break Up With Your Girlfriend, I'm Bored - Ariana Grande.mp3"
Cardi B,Money,1,/home/yamen/Projects/Technocolabs/sample_data/popular/Money - Cardi B.mp3
Taylor Swift,You Need To Calm Down,1,/home/yamen/Projects/Technocolabs/sample_data/popular/You Need To Calm Down - Taylor Swift.mp3
Luke Combs,Beautiful Crazy,1,/home/yamen/Projects/Technocolabs/sample_data/popular/Beautiful Crazy - Luke Combs.mp3
Juice WRLD,Lucid Dreams,1,/home/yamen/Projects/Technocolabs/sample_data/popular/Lucid Dreams - Juice WRLD.mp3
Morgan Wallen,Whiskey Glasses,1,/home/yamen/Projects/Technocolabs/sample_data/popular/Whiskey Glasses - Morgan Wallen.mp3
Luke Combs,Beer Never Broke My Heart,1,/home/yamen/Projects/Technocolabs/sample_data/popular/Beer Never Broke My Heart - Luke Combs.mp3
Billie Eilish,When The Party's Over,1,/home/yamen/Projects/Technocolabs/sample_data/popular/When The Party's Over - Billie Eilish.mp3
Ariana Grande,Breathin,1,/home/yamen/Projects/Technocolabs/sample_data/popular/Breathin - Ariana Grande.mp3
Billie Eilish,Bury A Friend,1,/home/yamen/Projects/Technocolabs/sample_data/popular/Bury A Friend - Billie Eilish.mp3
Lil Baby,Close Friends,1,/home/yamen/Projects/Technocolabs/sample_data/popular/Close Friends - Lil Baby.mp3
Sam Smith,How Do You Sleep?,1,/home/yamen/Projects/Technocolabs/sample_data/popular/How Do You Sleep? - Sam Smith.mp3
P!nk,Walk Me Home,1,/home/yamen/Projects/Technocolabs/sample_data/popular/Walk Me Home - P!nk.mp3
Juice WRLD,Robbery,1,/home/yamen/Projects/Technocolabs/sample_data/popular/Robbery - Juice WRLD.mp3
Drake,God's Plan,1,/home/yamen/Projects/Technocolabs/sample_data/popular/God's Plan - Drake.mp3
Ed Sheeran,Perfect,1,/home/yamen/Projects/Technocolabs/sample_data/popular/Perfect - Ed Sheeran.mp3
Drake,In My Feelings,1,/home/yamen/Projects/Technocolabs/sample_data/popular/In My Feelings - Drake.mp3
Drake,Nice For What,1,/home/yamen/Projects/Technocolabs/sample_data/popular/Nice For What - Drake.mp3
XXXTENTACION,Sad!,1,/home/yamen/Projects/Technocolabs/sample_data/popular/Sad! - XXXTENTACION.mp3
Camila Cabello,Never Be The Same,1,/home/yamen/Projects/Technocolabs/sample_data/popular/Never Be The Same - Camila Cabello.mp3
Ariana Grande,No Tears Left To Cry,1,/home/yamen/Projects/Technocolabs/sample_data/popular/No Tears Left To Cry - Ariana Grande.mp3
Imagine Dragons,Thunder,1,/home/yamen/Projects/Technocolabs/sample_data/popular/Thunder - Imagine Dragons.mp3
Taylor Swift,Delicate,1,/home/yamen/Projects/Technocolabs/sample_data/popular/Delicate - Taylor Swift.mp3
Halsey,Bad At Love,1,/home/yamen/Projects/Technocolabs/sample_data/popular/Bad At Love - Halsey.mp3
Imagine Dragons,Whatever It Takes,1,/home/yamen/Projects/Technocolabs/sample_data/popular/Whatever It Takes - Imagine Dragons.mp3
Post Malone,I Fall Apart,1,/home/yamen/Projects/Technocolabs/sample_data/popular/I Fall Apart - Post Malone.mp3
Shawn Mendes,In My Blood,1,/home/yamen/Projects/Technocolabs/sample_data/popular/In My Blood - Shawn Mendes.mp3
Sam Smith,Too Good At Goodbyes,1,/home/yamen/Projects/Technocolabs/sample_data/popular/Too Good At Goodbyes - Sam Smith.mp3
Drake,Nonstop,1,/home/yamen/Projects/Technocolabs/sample_data/popular/Nonstop - Drake.mp3
Cardi B,Bodak Yellow (Money Moves),1,/home/yamen/Projects/Technocolabs/sample_data/popular/Bodak Yellow (Money Moves) - Cardi B.mp3
Maroon 5,Wait,1,/home/yamen/Projects/Technocolabs/sample_data/popular/Wait - Maroon 5.mp3
Cardi B,Be Careful,1,/home/yamen/Projects/Technocolabs/sample_data/popular/Be Careful - Cardi B.mp3
Ariana Grande,God Is A Woman,1,/home/yamen/Projects/Technocolabs/sample_data/popular/God Is A Woman - Ariana Grande.mp3
Khalid,Young Dumb & Broke,1,/home/yamen/Projects/Technocolabs/sample_data/popular/Young Dumb & Broke - Khalid.mp3
Imagine Dragons,Natural,1,/home/yamen/Projects/Technocolabs/sample_data/popular/Natural - Imagine Dragons.mp3
Ed Sheeran,Shape Of You,1,/home/yamen/Projects/Technocolabs/sample_data/popular/Shape Of You - Ed Sheeran.mp3
The Weeknd,Call Out My Name,1,/home/yamen/Projects/Technocolabs/sample_data/popular/Call Out My Name - The Weeknd.mp3
Drake,I'm Upset,1,/home/yamen/Projects/Technocolabs/sample_data/popular/I'm Upset - Drake.mp3
XXXTENTACION,Moonlight,1,/home/yamen/Projects/Technocolabs/sample_data/popular/Moonlight - XXXTENTACION.mp3
XXXTENTACION,Changes,1,/home/yamen/Projects/Technocolabs/sample_data/popular/Changes - XXXTENTACION.mp3
Luke Combs,One Number Away,1,/home/yamen/Projects/Technocolabs/sample_data/popular/One Number Away - Luke Combs.mp3
Imagine Dragons,Believer,1,/home/yamen/Projects/Technocolabs/sample_data/popular/Believer - Imagine Dragons.mp3
Bruno Mars,That's What I Like,1,/home/yamen/Projects/Technocolabs/sample_data/popular/That's What I Like - Bruno Mars.mp3
Kendrick Lamar,Humble.,1,/home/yamen/Projects/Technocolabs/sample_data/popular/Humble. - Kendrick Lamar.mp3
Future,Mask Off,1,/home/yamen/Projects/Technocolabs/sample_data/popular/Mask Off - Future.mp3
Bruno Mars,24K Magic,1,/home/yamen/Projects/Technocolabs/sample_data/popular/24K Magic - Bruno Mars.mp3
Khalid,Location,1,/home/yamen/Projects/Technocolabs/sample_data/popular/Location - Khalid.mp3
Shawn Mendes,There's Nothing Holdin' Me Back,1,/home/yamen/Projects/Technocolabs/sample_data/popular/There's Nothing Holdin' Me Back - Shawn Mendes.mp3
Rihanna,Love On The Brain,1,/home/yamen/Projects/Technocolabs/sample_data/popular/Love On The Brain - Rihanna.mp3
Drake,Fake Love,1,/home/yamen/Projects/Technocolabs/sample_data/popular/Fake Love - Drake.mp3
Taylor Swift,Look What You Made Me Do,1,/home/yamen/Projects/Technocolabs/sample_data/popular/Look What You Made Me Do - Taylor Swift.mp3
Ed Sheeran,Castle On The Hill,1,/home/yamen/Projects/Technocolabs/sample_data/popular/Castle On The Hill - Ed Sheeran.mp3
The Chainsmokers,Paris,1,/home/yamen/Projects/Technocolabs/sample_data/popular/Paris - The Chainsmokers.mp3
Justin Timberlake,Can't Stop The Feeling!,1,/home/yamen/Projects/Technocolabs/sample_data/popular/Can't Stop The Feeling! - Justin Timberlake.mp3
Shawn Mendes,Mercy,1,/home/yamen/Projects/Technocolabs/sample_data/popular/Mercy - Shawn Mendes.mp3
twenty one pilots,Heathens,1,/home/yamen/Projects/Technocolabs/sample_data/popular/Heathens - twenty one pilots.mp3
Halsey,Now Or Never,1,/home/yamen/Projects/Technocolabs/sample_data/popular/Now Or Never - Halsey.mp3
Kendrick Lamar,DNA.,1,/home/yamen/Projects/Technocolabs/sample_data/popular/DNA. - Kendrick Lamar.mp3
Drake,Passionfruit,1,/home/yamen/Projects/Technocolabs/sample_data/popular/Passionfruit - Drake.mp3
Travis Scott,Goosebumps,1,/home/yamen/Projects/Technocolabs/sample_data/popular/Goosebumps - Travis Scott.mp3
Luke Combs,Hurricane,1,/home/yamen/Projects/Technocolabs/sample_data/popular/Hurricane - Luke Combs.mp3
P!nk,What About Us,1,/home/yamen/Projects/Technocolabs/sample_data/popular/What About Us - P!nk.mp3
Harry Styles,Sign Of The Times,1,/home/yamen/Projects/Technocolabs/sample_data/popular/Sign Of The Times - Harry Styles.mp3
Adele,Water Under The Bridge,1,/home/yamen/Projects/Technocolabs/sample_data/popular/Water Under The Bridge - Adele.mp3
Miley Cyrus,Malibu,1,/home/yamen/Projects/Technocolabs/sample_data/popular/Malibu - Miley Cyrus.mp3
Shawn Mendes,Treat You Better,1,/home/yamen/Projects/Technocolabs/sample_data/popular/Treat You Better - Shawn Mendes.mp3
XXXTENTACION,Look At Me!,1,/home/yamen/Projects/Technocolabs/sample_data/popular/Look At Me! - XXXTENTACION.mp3
Justin Bieber,Love Yourself,1,/home/yamen/Projects/Technocolabs/sample_data/popular/Love Yourself - Justin Bieber.mp3
Justin Bieber,Sorry,1,/home/yamen/Projects/Technocolabs/sample_data/popular/Sorry - Justin Bieber.mp3
twenty one pilots,Stressed Out,1,/home/yamen/Projects/Technocolabs/sample_data/popular/Stressed Out - twenty one pilots.mp3
Adele,Hello,1,/home/yamen/Projects/Technocolabs/sample_data/popular/Hello - Adele.mp3
Rihanna,Needed Me,1,/home/yamen/Projects/Technocolabs/sample_data/popular/Needed Me - Rihanna.mp3
twenty one pilots,Ride,1,/home/yamen/Projects/Technocolabs/sample_data/popular/Ride - twenty one pilots.mp3
Shawn Mendes,Stitches,1,/home/yamen/Projects/Technocolabs/sample_data/popular/Stitches - Shawn Mendes.mp3
Drake,Hotline Bling,1,/home/yamen/Projects/Technocolabs/sample_data/popular/Hotline Bling - Drake.mp3
Adele,Send My Love (To Your New Lover),1,/home/yamen/Projects/Technocolabs/sample_data/popular/Send My Love (To Your New Lover) - Adele.mp3
Justin Bieber,What Do You Mean?,1,/home/yamen/Projects/Technocolabs/sample_data/popular/What Do You Mean? - Justin Bieber.mp3
The Weeknd,The Hills,1,/home/yamen/Projects/Technocolabs/sample_data/popular/The Hills - The Weeknd.mp3
P!nk,Just Like Fire,1,/home/yamen/Projects/Technocolabs/sample_data/popular/Just Like Fire - P!nk.mp3
Ariana Grande,Dangerous Woman,1,/home/yamen/Projects/Technocolabs/sample_data/popular/Dangerous Woman - Ariana Grande.mp3
Drake,Controlla,1,/home/yamen/Projects/Technocolabs/sample_data/popular/Controlla - Drake.mp3
Meghan Trainor,No,1,/home/yamen/Projects/Technocolabs/sample_data/popular/No - Meghan Trainor.mp3
Ariana Grande,Into You,1,/home/yamen/Projects/Technocolabs/sample_data/popular/Into You - Ariana Grande.mp3
The Weeknd,In The Night,1,/home/yamen/Projects/Technocolabs/sample_data/popular/In The Night - The Weeknd.mp3
Meghan Trainor,Me Too,1,/home/yamen/Projects/Technocolabs/sample_data/popular/Me Too - Meghan Trainor.mp3
Post Malone,White Iverson,1,/home/yamen/Projects/Technocolabs/sample_data/popular/White Iverson - Post Malone.mp3
The Weeknd,Can't Feel My Face,1,/home/yamen/Projects/Technocolabs/sample_data/popular/Can't Feel My Face - The Weeknd.mp3
Coldplay,Hymn For The Weekend,1,/home/yamen/Projects/Technocolabs/sample_data/popular/Hymn For The Weekend - Coldplay.mp3
Travis Scott,Antidote,1,/home/yamen/Projects/Technocolabs/sample_data/popular/Antidote - Travis Scott.mp3
Taylor Swift,Wildest Dreams,1,/home/yamen/Projects/Technocolabs/sample_data/popular/Wildest Dreams - Taylor Swift.mp3
Adele,When We Were Young,1,/home/yamen/Projects/Technocolabs/sample_data/popular/When We Were Young - Adele.mp3
Chris Brown,Back To Sleep,1,/home/yamen/Projects/Technocolabs/sample_data/popular/Back To Sleep - Chris Brown.mp3
Coldplay,Adventure Of A Lifetime,1,/home/yamen/Projects/Technocolabs/sample_data/popular/Adventure Of A Lifetime - Coldplay.mp3
Future,Wicked,1,/home/yamen/Projects/Technocolabs/sample_data/popular/Wicked - Future.mp3
Ed Sheeran,Thinking Out Loud,1,/home/yamen/Projects/Technocolabs/sample_data/popular/Thinking Out Loud - Ed Sheeran.mp3
Fetty Wap,Trap Queen,1,/home/yamen/Projects/Technocolabs/sample_data/popular/Trap Queen - Fetty Wap.mp3
Maroon 5,Sugar,1,/home/yamen/Projects/Technocolabs/sample_data/popular/Sugar - Maroon 5.mp3
Taylor Swift,Blank Space,1,/home/yamen/Projects/Technocolabs/sample_data/popular/Blank Space - Taylor Swift.mp3
The Weeknd,Earned It (Fifty Shades Of Grey),1,/home/yamen/Projects/Technocolabs/sample_data/popular/Earned It (Fifty Shades Of Grey) - The Weeknd.mp3
Taylor Swift,Shake It Off,1,/home/yamen/Projects/Technocolabs/sample_data/popular/Shake It Off - Taylor Swift.mp3
Meghan Trainor,Lips Are Movin,1,/home/yamen/Projects/Technocolabs/sample_data/popular/Lips Are Movin - Meghan Trainor.mp3
Sam Smith,I'm Not The Only One,1,/home/yamen/Projects/Technocolabs/sample_data/popular/I'm Not The Only One - Sam Smith.mp3
Meghan Trainor,All About That Bass,1,/home/yamen/Projects/Technocolabs/sample_data/popular/All About That Bass - Meghan Trainor.mp3
Taylor Swift,Style,1,/home/yamen/Projects/Technocolabs/sample_data/popular/Style - Taylor Swift.mp3
Ed Sheeran,Photograph,1,/home/yamen/Projects/Technocolabs/sample_data/popular/Photograph - Ed Sheeran.mp3
Maroon 5,Animals,1,/home/yamen/Projects/Technocolabs/sample_data/popular/Animals - Maroon 5.mp3
Rihanna,B**** Better Have My Money,1,/home/yamen/Projects/Technocolabs/sample_data/popular/B**** Better Have My Money - Rihanna.mp3
Sam Smith,Stay With Me,1,/home/yamen/Projects/Technocolabs/sample_data/popular/Stay With Me - Sam Smith.mp3
Beyonce,7/11,1,/home/yamen/Projects/Technocolabs/sample_data/popular/7/11 - Beyonce.mp3
One Direction,Drag Me Down,1,/home/yamen/Projects/Technocolabs/sample_data/popular/Drag Me Down - One Direction.mp3
Ariana Grande,One Last Time,1,/home/yamen/Projects/Technocolabs/sample_data/popular/One Last Time - Ariana Grande.mp3
Meghan Trainor,Dear Future Husband,1,/home/yamen/Projects/Technocolabs/sample_data/popular/Dear Future Husband - Meghan Trainor.mp3
Sam Smith,Lay Me Down,1,/home/yamen/Projects/Technocolabs/sample_data/popular/Lay Me Down - Sam Smith.mp3
Ed Sheeran,Don't,1,/home/yamen/Projects/Technocolabs/sample_data/popular/Don't - Ed Sheeran.mp3
One Direction,Night Changes,1,/home/yamen/Projects/Technocolabs/sample_data/popular/Night Changes - One Direction.mp3
Drake,Back To Back,1,/home/yamen/Projects/Technocolabs/sample_data/popular/Back To Back - Drake.mp3
Pharrell Williams,Happy,1,/home/yamen/Projects/Technocolabs/sample_data/popular/Happy - Pharrell Williams.mp3
Imagine Dragons,Demons,1,/home/yamen/Projects/Technocolabs/sample_data/popular/Demons - Imagine Dragons.mp3
One Direction,Story Of My Life,1,/home/yamen/Projects/Technocolabs/sample_data/popular/Story Of My Life - One Direction.mp3
Maroon 5,Maps,1,/home/yamen/Projects/Technocolabs/sample_data/popular/Maps - Maroon 5.mp3
Nicki Minaj,Anaconda,1,/home/yamen/Projects/Technocolabs/sample_data/popular/Anaconda - Nicki Minaj.mp3
Miley Cyrus,Wrecking Ball,1,/home/yamen/Projects/Technocolabs/sample_data/popular/Wrecking Ball - Miley Cyrus.mp3
Justin Timberlake,Not A Bad Thing,1,/home/yamen/Projects/Technocolabs/sample_data/popular/Not A Bad Thing - Justin Timberlake.mp3
Katy Perry,Roar,1,/home/yamen/Projects/Technocolabs/sample_data/popular/Roar - Katy Perry.mp3
Coldplay,A Sky Full Of Stars,1,/home/yamen/Projects/Technocolabs/sample_data/popular/A Sky Full Of Stars - Coldplay.mp3
Ed Sheeran,Sing,1,/home/yamen/Projects/Technocolabs/sample_data/popular/Sing - Ed Sheeran.mp3
Imagine Dragons,Radioactive,1,/home/yamen/Projects/Technocolabs/sample_data/popular/Radioactive - Imagine Dragons.mp3
Katy Perry,Birthday,1,/home/yamen/Projects/Technocolabs/sample_data/popular/Birthday - Katy Perry.mp3
Beyonce,Partition,1,/home/yamen/Projects/Technocolabs/sample_data/popular/Partition - Beyonce.mp3
Drake,0 To 100 / The Catch Up,1,/home/yamen/Projects/Technocolabs/sample_data/popular/0 To 100 / The Catch Up - Drake.mp3
Justin Timberlake,Mirrors,1,/home/yamen/Projects/Technocolabs/sample_data/popular/Mirrors - Justin Timberlake.mp3
Bruno Mars,When I Was Your Man,1,/home/yamen/Projects/Technocolabs/sample_data/popular/When I Was Your Man - Bruno Mars.mp3
Bruno Mars,Locked Out Of Heaven,1,/home/yamen/Projects/Technocolabs/sample_data/popular/Locked Out Of Heaven - Bruno Mars.mp3
Taylor Swift,I Knew You Were Trouble.,1,/home/yamen/Projects/Technocolabs/sample_data/popular/I Knew You Were Trouble. - Taylor Swift.mp3
Miley Cyrus,We Can't Stop,1,/home/yamen/Projects/Technocolabs/sample_data/popular/We Can't Stop - Miley Cyrus.mp3
Rihanna,Diamonds,1,/home/yamen/Projects/Technocolabs/sample_data/popular/Diamonds - Rihanna.mp3
Bruno Mars,Treasure,1,/home/yamen/Projects/Technocolabs/sample_data/popular/Treasure - Bruno Mars.mp3
Drake,Started From The Bottom,1,/home/yamen/Projects/Technocolabs/sample_data/popular/Started From The Bottom - Drake.mp3
Maroon 5,Daylight,1,/home/yamen/Projects/Technocolabs/sample_data/popular/Daylight - Maroon 5.mp3
Lady Gaga,Applause,1,/home/yamen/Projects/Technocolabs/sample_data/popular/Applause - Lady Gaga.mp3
Maroon 5,One More Night,1,/home/yamen/Projects/Technocolabs/sample_data/popular/One More Night - Maroon 5.mp3
Imagine Dragons,It's Time,1,/home/yamen/Projects/Technocolabs/sample_data/popular/It's Time - Imagine Dragons.mp3
Maroon 5,Love Somebody,1,/home/yamen/Projects/Technocolabs/sample_data/popular/Love Somebody - Maroon 5.mp3
P!nk,Try,1,/home/yamen/Projects/Technocolabs/sample_data/popular/Try - P!nk.mp3
Ke$ha,Die Young,1,/home/yamen/Projects/Technocolabs/sample_data/popular/Die Young - Ke$ha.mp3
Eminem,Berzerk,1,/home/yamen/Projects/Technocolabs/sample_data/popular/Berzerk - Eminem.mp3
Rihanna,Pour It Up,1,/home/yamen/Projects/Technocolabs/sample_data/popular/Pour It Up - Rihanna.mp3
Taylor Swift,22,1,/home/yamen/Projects/Technocolabs/sample_data/popular/22 - Taylor Swift.mp3
One Direction,Best Song Ever,1,/home/yamen/Projects/Technocolabs/sample_data/popular/Best Song Ever - One Direction.mp3
Ed Sheeran,The A Team,1,/home/yamen/Projects/Technocolabs/sample_data/popular/The A Team - Ed Sheeran.mp3
Kendrick Lamar,Swimming Pools (Drank),1,/home/yamen/Projects/Technocolabs/sample_data/popular/Swimming Pools (Drank) - Kendrick Lamar.mp3
Ne-Yo,Let Me Love You (Until You Learn To Love Yourself),1,/home/yamen/Projects/Technocolabs/sample_data/popular/Let Me Love You (Until You Learn To Love Yourself) - Ne-Yo.mp3
Nicki Minaj,Starships,1,/home/yamen/Projects/Technocolabs/sample_data/popular/Starships - Nicki Minaj.mp3
One Direction,What Makes You Beautiful,1,/home/yamen/Projects/Technocolabs/sample_data/popular/What Makes You Beautiful - One Direction.mp3
Adele,Set Fire To The Rain,1,/home/yamen/Projects/Technocolabs/sample_data/popular/Set Fire To The Rain - Adele.mp3
LMFAO,Sexy And I Know It,1,/home/yamen/Projects/Technocolabs/sample_data/popular/Sexy And I Know It - LMFAO.mp3
Katy Perry,Wide Awake,1,/home/yamen/Projects/Technocolabs/sample_data/popular/Wide Awake - Katy Perry.mp3
Rihanna,Where Have You Been,1,/home/yamen/Projects/Technocolabs/sample_data/popular/Where Have You Been - Rihanna.mp3
Bruno Mars,It Will Rain,1,/home/yamen/Projects/Technocolabs/sample_data/popular/It Will Rain - Bruno Mars.mp3
Justin Bieber,Boyfriend,1,/home/yamen/Projects/Technocolabs/sample_data/popular/Boyfriend - Justin Bieber.mp3
Katy Perry,Part Of Me,1,/home/yamen/Projects/Technocolabs/sample_data/popular/Part Of Me - Katy Perry.mp3
Taylor Swift,We Are Never Ever Getting Back Together,1,/home/yamen/Projects/Technocolabs/sample_data/popular/We Are Never Ever Getting Back Together - Taylor Swift.mp3
P!nk,Blow Me (One Last Kiss),1,/home/yamen/Projects/Technocolabs/sample_data/popular/Blow Me (One Last Kiss) - P!nk.mp3
Katy Perry,The One That Got Away,1,/home/yamen/Projects/Technocolabs/sample_data/popular/The One That Got Away - Katy Perry.mp3
Adele,Someone Like You,1,/home/yamen/Projects/Technocolabs/sample_data/popular/Someone Like You - Adele.mp3
Usher,Scream,1,/home/yamen/Projects/Technocolabs/sample_data/popular/Scream - Usher.mp3
Chris Brown,Don't Wake Me Up,1,/home/yamen/Projects/Technocolabs/sample_data/popular/Don't Wake Me Up - Chris Brown.mp3
Adele,Rumour Has It,1,/home/yamen/Projects/Technocolabs/sample_data/popular/Rumour Has It - Adele.mp3
Carrie Underwood,Good Girl,1,/home/yamen/Projects/Technocolabs/sample_data/popular/Good Girl - Carrie Underwood.mp3
Coldplay,Paradise,1,/home/yamen/Projects/Technocolabs/sample_data/popular/Paradise - Coldplay.mp3
Carrie Underwood,Blown Away,1,/home/yamen/Projects/Technocolabs/sample_data/popular/Blown Away - Carrie Underwood.mp3
Adele,Rolling In The Deep,1,/home/yamen/Projects/Technocolabs/sample_data/popular/Rolling In The Deep - Adele.mp3
Usher,Climax,1,/home/yamen/Projects/Technocolabs/sample_data/popular/Climax - Usher.mp3
Nicki Minaj,Pound The Alarm,1,/home/yamen/Projects/Technocolabs/sample_data/popular/Pound The Alarm - Nicki Minaj.mp3
Chris Brown,Turn Up The Music,1,/home/yamen/Projects/Technocolabs/sample_data/popular/Turn Up The Music - Chris Brown.mp3
Rihanna,You Da One,1,/home/yamen/Projects/Technocolabs/sample_data/popular/You Da One - Rihanna.mp3
Katy Perry,Firework,1,/home/yamen/Projects/Technocolabs/sample_data/popular/Firework - Katy Perry.mp3
Bruno Mars,Grenade,1,/home/yamen/Projects/Technocolabs/sample_data/popular/Grenade - Bruno Mars.mp3
Nicki Minaj,Super Bass,1,/home/yamen/Projects/Technocolabs/sample_data/popular/Super Bass - Nicki Minaj.mp3
The Black Eyed Peas,Just Can't Get Enough,1,/home/yamen/Projects/Technocolabs/sample_data/popular/Just Can't Get Enough - The Black Eyed Peas.mp3
Rihanna,S&M,1,/home/yamen/Projects/Technocolabs/sample_data/popular/S&M - Rihanna.mp3
Katy Perry,Last Friday Night (T.G.I.F.),1,/home/yamen/Projects/Technocolabs/sample_data/popular/Last Friday Night (T.G.I.F.) - Katy Perry.mp3
Bruno Mars,Just The Way You Are,1,/home/yamen/Projects/Technocolabs/sample_data/popular/Just The Way You Are - Bruno Mars.mp3
P!nk,Raise Your Glass,1,/home/yamen/Projects/Technocolabs/sample_data/popular/Raise Your Glass - P!nk.mp3
Lady Gaga,Born This Way,1,/home/yamen/Projects/Technocolabs/sample_data/popular/Born This Way - Lady Gaga.mp3
P!nk,F**kin' Perfect,1,/home/yamen/Projects/Technocolabs/sample_data/popular/F**kin' Perfect - P!nk.mp3
Lil Wayne,How To Love,1,/home/yamen/Projects/Technocolabs/sample_data/popular/How To Love - Lil Wayne.mp3
Bruno Mars,The Lazy Song,1,/home/yamen/Projects/Technocolabs/sample_data/popular/The Lazy Song - Bruno Mars.mp3
Britney Spears,Till The World Ends,1,/home/yamen/Projects/Technocolabs/sample_data/popular/Till The World Ends - Britney Spears.mp3
Lady Gaga,The Edge Of Glory,1,/home/yamen/Projects/Technocolabs/sample_data/popular/The Edge Of Glory - Lady Gaga.mp3
Ke$ha,We R Who We R,1,/home/yamen/Projects/Technocolabs/sample_data/popular/We R Who We R - Ke$ha.mp3
Ke$ha,Blow,1,/home/yamen/Projects/Technocolabs/sample_data/popular/Blow - Ke$ha.mp3
The Black Eyed Peas,The Time (Dirty Bit),1,/home/yamen/Projects/Technocolabs/sample_data/popular/The Time (Dirty Bit) - The Black Eyed Peas.mp3
Rihanna,Only Girl (In The World),1,/home/yamen/Projects/Technocolabs/sample_data/popular/Only Girl (In The World) - Rihanna.mp3
Britney Spears,I Wanna Go,1,/home/yamen/Projects/Technocolabs/sample_data/popular/I Wanna Go - Britney Spears.mp3
Chris Brown,Yeah 3X,1,/home/yamen/Projects/Technocolabs/sample_data/popular/Yeah 3X - Chris Brown.mp3
Kanye West,All Of The Lights,1,/home/yamen/Projects/Technocolabs/sample_data/popular/All Of The Lights - Kanye West.mp3
Britney Spears,Hold It Against Me,1,/home/yamen/Projects/Technocolabs/sample_data/popular/Hold It Against Me - Britney Spears.mp3
Usher,More,1,/home/yamen/Projects/Technocolabs/sample_data/popular/More - Usher.mp3
Avril Lavigne,What The Hell,1,/home/yamen/Projects/Technocolabs/sample_data/popular/What The Hell - Avril Lavigne.mp3
Lady Gaga,You And I,1,/home/yamen/Projects/Technocolabs/sample_data/popular/You And I - Lady Gaga.mp3
Taylor Swift,Back To December,1,/home/yamen/Projects/Technocolabs/sample_data/popular/Back To December - Taylor Swift.mp3
Katy Perry,Teenage Dream,1,/home/yamen/Projects/Technocolabs/sample_data/popular/Teenage Dream - Katy Perry.mp3
Rihanna,Cheers (Drink To That),1,/home/yamen/Projects/Technocolabs/sample_data/popular/Cheers (Drink To That) - Rihanna.mp3
Drake,Headlines,1,/home/yamen/Projects/Technocolabs/sample_data/popular/Headlines - Drake.mp3
Beyonce,Best Thing I Never Had,1,/home/yamen/Projects/Technocolabs/sample_data/popular/Best Thing I Never Had - Beyonce.mp3
Chris Brown,She Ain't You,1,/home/yamen/Projects/Technocolabs/sample_data/popular/She Ain't You - Chris Brown.mp3
Ke$ha,TiK ToK,1,/home/yamen/Projects/Technocolabs/sample_data/popular/TiK ToK - Ke$ha.mp3
Lady Gaga,Bad Romance,1,/home/yamen/Projects/Technocolabs/sample_data/popular/Bad Romance - Lady Gaga.mp3
Rihanna,Rude Boy,1,/home/yamen/Projects/Technocolabs/sample_data/popular/Rude Boy - Rihanna.mp3
The Black Eyed Peas,Imma Be,1,/home/yamen/Projects/Technocolabs/sample_data/popular/Imma Be - The Black Eyed Peas.mp3
Eminem,Not Afraid,1,/home/yamen/Projects/Technocolabs/sample_data/popular/Not Afraid - Eminem.mp3
Ke$ha,Your Love Is My Drug,1,/home/yamen/Projects/Technocolabs/sample_data/popular/Your Love Is My Drug - Ke$ha.mp3
The Black Eyed Peas,I Gotta Feeling,1,/home/yamen/Projects/Technocolabs/sample_data/popular/I Gotta Feeling - The Black Eyed Peas.mp3
Drake,Find Your Love,1,/home/yamen/Projects/Technocolabs/sample_data/popular/Find Your Love - Drake.mp3
Lady Gaga,Alejandro,1,/home/yamen/Projects/Technocolabs/sample_data/popular/Alejandro - Lady Gaga.mp3
Taylor Swift,Mine,1,/home/yamen/Projects/Technocolabs/sample_data/popular/Mine - Taylor Swift.mp3
Taylor Swift,You Belong With Me,1,/home/yamen/Projects/Technocolabs/sample_data/popular/You Belong With Me - Taylor Swift.mp3
The Black Eyed Peas,Meet Me Halfway,1,/home/yamen/Projects/Technocolabs/sample_data/popular/Meet Me Halfway - The Black Eyed Peas.mp3
Ke$ha,Take It Off,1,/home/yamen/Projects/Technocolabs/sample_data/popular/Take It Off - Ke$ha.mp3
Drake,Over,1,/home/yamen/Projects/Technocolabs/sample_data/popular/Over - Drake.mp3
Maroon 5,Misery,1,/home/yamen/Projects/Technocolabs/sample_data/popular/Misery - Maroon 5.mp3
Lady Gaga,Paparazzi,1,/home/yamen/Projects/Technocolabs/sample_data/popular/Paparazzi - Lady Gaga.mp3
Nicki Minaj,Your Love,1,/home/yamen/Projects/Technocolabs/sample_data/popular/Your Love - Nicki Minaj.mp3
Miley Cyrus,Party In The U.S.A.,1,/home/yamen/Projects/Technocolabs/sample_data/popular/Party In The U.S.A. - Miley Cyrus.mp3
Britney Spears,3,1,/home/yamen/Projects/Technocolabs/sample_data/popular/3 - Britney Spears.mp3
The Black Eyed Peas,Rock That Body,1,/home/yamen/Projects/Technocolabs/sample_data/popular/Rock That Body - The Black Eyed Peas.mp3
Alicia Keys,Un-Thinkable (I'm Ready),1,/home/yamen/Projects/Technocolabs/sample_data/popular/Un-Thinkable (I'm Ready) - Alicia Keys.mp3
Usher,There Goes My Baby,1,/home/yamen/Projects/Technocolabs/sample_data/popular/There Goes My Baby - Usher.mp3
Taylor Swift,Today Was A Fairytale,1,/home/yamen/Projects/Technocolabs/sample_data/popular/Today Was A Fairytale - Taylor Swift.mp3
Beyonce,Sweet Dreams,1,/home/yamen/Projects/Technocolabs/sample_data/popular/Sweet Dreams - Beyonce.mp3
Carrie Underwood,Undo It,1,/home/yamen/Projects/Technocolabs/sample_data/popular/Undo It - Carrie Underwood.mp3
Daughtry,Life After You,1,/home/yamen/Projects/Technocolabs/sample_data/popular/Life After You - Daughtry.mp3
Alicia Keys,Try Sleeping With A Broken Heart,1,/home/yamen/Projects/Technocolabs/sample_data/popular/Try Sleeping With A Broken Heart - Alicia Keys.mp3
The Black Eyed Peas,Boom Boom Pow,1,/home/yamen/Projects/Technocolabs/sample_data/popular/Boom Boom Pow - The Black Eyed Peas.mp3
Lady Gaga,Poker Face,1,/home/yamen/Projects/Technocolabs/sample_data/popular/Poker Face - Lady Gaga.mp3
Taylor Swift,Love Story,1,/home/yamen/Projects/Technocolabs/sample_data/popular/Love Story - Taylor Swift.mp3
Beyonce,Single Ladies (Put A Ring On It),1,/home/yamen/Projects/Technocolabs/sample_data/popular/Single Ladies (Put A Ring On It) - Beyonce.mp3
The Fray,You Found Me,1,/home/yamen/Projects/Technocolabs/sample_data/popular/You Found Me - The Fray.mp3
Miley Cyrus,The Climb,1,/home/yamen/Projects/Technocolabs/sample_data/popular/The Climb - Miley Cyrus.mp3
Drake,Best I Ever Had,1,/home/yamen/Projects/Technocolabs/sample_data/popular/Best I Ever Had - Drake.mp3
Beyonce,Halo,1,/home/yamen/Projects/Technocolabs/sample_data/popular/Halo - Beyonce.mp3
Katy Perry,Hot N Cold,1,/home/yamen/Projects/Technocolabs/sample_data/popular/Hot N Cold - Katy Perry.mp3
Britney Spears,Circus,1,/home/yamen/Projects/Technocolabs/sample_data/popular/Circus - Britney Spears.mp3
Lady Gaga,LoveGame,1,/home/yamen/Projects/Technocolabs/sample_data/popular/LoveGame - Lady Gaga.mp3
Katy Perry,Waking Up In Vegas,1,/home/yamen/Projects/Technocolabs/sample_data/popular/Waking Up In Vegas - Katy Perry.mp3
P!nk,Sober,1,/home/yamen/Projects/Technocolabs/sample_data/popular/Sober - P!nk.mp3
Britney Spears,Womanizer,1,/home/yamen/Projects/Technocolabs/sample_data/popular/Womanizer - Britney Spears.mp3
T.I.,Whatever You Like,1,/home/yamen/Projects/Technocolabs/sample_data/popular/Whatever You Like - T.I..mp3
Ne-Yo,Mad,1,/home/yamen/Projects/Technocolabs/sample_data/popular/Mad - Ne-Yo.mp3
Kanye West,Love Lockdown,1,/home/yamen/Projects/Technocolabs/sample_data/popular/Love Lockdown - Kanye West.mp3
P!nk,So What,1,/home/yamen/Projects/Technocolabs/sample_data/popular/So What - P!nk.mp3
Beyonce,If I Were A Boy,1,/home/yamen/Projects/Technocolabs/sample_data/popular/If I Were A Boy - Beyonce.mp3
The Pussycat Dolls,I Hate This Part,1,/home/yamen/Projects/Technocolabs/sample_data/popular/I Hate This Part - The Pussycat Dolls.mp3
Nickelback,Gotta Be Somebody,1,/home/yamen/Projects/Technocolabs/sample_data/popular/Gotta Be Somebody - Nickelback.mp3
P!nk,Please Don't Leave Me,1,/home/yamen/Projects/Technocolabs/sample_data/popular/Please Don't Leave Me - P!nk.mp3
Coldplay,Viva La Vida,1,/home/yamen/Projects/Technocolabs/sample_data/popular/Viva La Vida - Coldplay.mp3
Akon,Right Now (Na Na Na),1,/home/yamen/Projects/Technocolabs/sample_data/popular/Right Now (Na Na Na) - Akon.mp3
Jordin Sparks,Battlefield,1,/home/yamen/Projects/Technocolabs/sample_data/popular/Battlefield - Jordin Sparks.mp3
Ne-Yo,Miss Independent,1,/home/yamen/Projects/Technocolabs/sample_data/popular/Miss Independent - Ne-Yo.mp3
Daughtry,No Surprise,1,/home/yamen/Projects/Technocolabs/sample_data/popular/No Surprise - Daughtry.mp3
Nickelback,If Today Was Your Last Day,1,/home/yamen/Projects/Technocolabs/sample_data/popular/If Today Was Your Last Day - Nickelback.mp3
Britney Spears,If U Seek Amy,1,/home/yamen/Projects/Technocolabs/sample_data/popular/If U Seek Amy - Britney Spears.mp3
Taylor Swift,White Horse,1,/home/yamen/Projects/Technocolabs/sample_data/popular/White Horse - Taylor Swift.mp3
Rihanna,Disturbia,1,/home/yamen/Projects/Technocolabs/sample_data/popular/Disturbia - Rihanna.mp3
Beyonce,Diva,1,/home/yamen/Projects/Technocolabs/sample_data/popular/Diva - Beyonce.mp3
Justin Bieber,One Time,1,/home/yamen/Projects/Technocolabs/sample_data/popular/One Time - Justin Bieber.mp3
The Fray,Never Say Never,1,/home/yamen/Projects/Technocolabs/sample_data/popular/Never Say Never - The Fray.mp3
Leona Lewis,Bleeding Love,1,/home/yamen/Projects/Technocolabs/sample_data/popular/Bleeding Love - Leona Lewis.mp3
Alicia Keys,No One,1,/home/yamen/Projects/Technocolabs/sample_data/popular/No One - Alicia Keys.mp3
Chris Brown,With You,1,/home/yamen/Projects/Technocolabs/sample_data/popular/With You - Chris Brown.mp3
Chris Brown,Forever,1,/home/yamen/Projects/Technocolabs/sample_data/popular/Forever - Chris Brown.mp3
Rihanna,Take A Bow,1,/home/yamen/Projects/Technocolabs/sample_data/popular/Take A Bow - Rihanna.mp3
Katy Perry,I Kissed A Girl,1,/home/yamen/Projects/Technocolabs/sample_data/popular/I Kissed A Girl - Katy Perry.mp3
Rihanna,Don't Stop The Music,1,/home/yamen/Projects/Technocolabs/sample_data/popular/Don't Stop The Music - Rihanna.mp3
Ne-Yo,Closer,1,/home/yamen/Projects/Technocolabs/sample_data/popular/Closer - Ne-Yo.mp3
Fergie,Clumsy,1,/home/yamen/Projects/Technocolabs/sample_data/popular/Clumsy - Fergie.mp3
Jordin Sparks,Tattoo,1,/home/yamen/Projects/Technocolabs/sample_data/popular/Tattoo - Jordin Sparks.mp3
Miley Cyrus,See You Again,1,/home/yamen/Projects/Technocolabs/sample_data/popular/See You Again - Miley Cyrus.mp3
Taylor Swift,Our Song,1,/home/yamen/Projects/Technocolabs/sample_data/popular/Our Song - Taylor Swift.mp3
Lil Wayne,A Milli,1,/home/yamen/Projects/Technocolabs/sample_data/popular/A Milli - Lil Wayne.mp3
Alicia Keys,Like You'll Never See Me Again,1,/home/yamen/Projects/Technocolabs/sample_data/popular/Like You'll Never See Me Again - Alicia Keys.mp3
Taylor Swift,Teardrops On My Guitar,1,/home/yamen/Projects/Technocolabs/sample_data/popular/Teardrops On My Guitar - Taylor Swift.mp3
The Pussycat Dolls,When I Grow Up,1,/home/yamen/Projects/Technocolabs/sample_data/popular/When I Grow Up - The Pussycat Dolls.mp3
Leona Lewis,Better In Time,1,/home/yamen/Projects/Technocolabs/sample_data/popular/Better In Time - Leona Lewis.mp3
Jordin Sparks,One Step At A Time,1,/home/yamen/Projects/Technocolabs/sample_data/popular/One Step At A Time - Jordin Sparks.mp3
Jonas Brothers,Burnin' Up,1,/home/yamen/Projects/Technocolabs/sample_data/popular/Burnin' Up - Jonas Brothers.mp3
Fergie,Big Girls Don't Cry,1,/home/yamen/Projects/Technocolabs/sample_data/popular/Big Girls Don't Cry - Fergie.mp3
Mary J. Blige,Just Fine,1,/home/yamen/Projects/Technocolabs/sample_data/popular/Just Fine - Mary J. Blige.mp3
Britney Spears,Piece Of Me,1,/home/yamen/Projects/Technocolabs/sample_data/popular/Piece Of Me - Britney Spears.mp3
Miley Cyrus,7 Things,1,/home/yamen/Projects/Technocolabs/sample_data/popular/7 Things - Miley Cyrus.mp3
Daughtry,Feels Like Tonight,1,/home/yamen/Projects/Technocolabs/sample_data/popular/Feels Like Tonight - Daughtry.mp3
Beyonce,Irreplaceable,1,/home/yamen/Projects/Technocolabs/sample_data/popular/Irreplaceable - Beyonce.mp3
Carrie Underwood,Before He Cheats,1,/home/yamen/Projects/Technocolabs/sample_data/popular/Before He Cheats - Carrie Underwood.mp3
Akon,Don't Matter,1,/home/yamen/Projects/Technocolabs/sample_data/popular/Don't Matter - Akon.mp3
Avril Lavigne,Girlfriend,1,/home/yamen/Projects/Technocolabs/sample_data/popular/Girlfriend - Avril Lavigne.mp3
Maroon 5,Makes Me Wonder,1,/home/yamen/Projects/Technocolabs/sample_data/popular/Makes Me Wonder - Maroon 5.mp3
Daughtry,It's Not Over,1,/home/yamen/Projects/Technocolabs/sample_data/popular/It's Not Over - Daughtry.mp3
Fergie,Fergalicious,1,/home/yamen/Projects/Technocolabs/sample_data/popular/Fergalicious - Fergie.mp3
Justin Timberlake,What Goes Around...Comes Around,1,/home/yamen/Projects/Technocolabs/sample_data/popular/What Goes Around...Comes Around - Justin Timberlake.mp3
The Fray,How To Save A Life,1,/home/yamen/Projects/Technocolabs/sample_data/popular/How To Save A Life - The Fray.mp3
Daughtry,Home,1,/home/yamen/Projects/Technocolabs/sample_data/popular/Home - Daughtry.mp3
Kanye West,Stronger,1,/home/yamen/Projects/Technocolabs/sample_data/popular/Stronger - Kanye West.mp3
P!nk,U + Ur Hand,1,/home/yamen/Projects/Technocolabs/sample_data/popular/U + Ur Hand - P!nk.mp3
Nickelback,Rockstar,1,/home/yamen/Projects/Technocolabs/sample_data/popular/Rockstar - Nickelback.mp3
Justin Timberlake,Summer Love,1,/home/yamen/Projects/Technocolabs/sample_data/popular/Summer Love - Justin Timberlake.mp3
Nickelback,If Everyone Cared,1,/home/yamen/Projects/Technocolabs/sample_data/popular/If Everyone Cared - Nickelback.mp3
Ne-Yo,Because Of You,1,/home/yamen/Projects/Technocolabs/sample_data/popular/Because Of You - Ne-Yo.mp3
Justin Timberlake,SexyBack,1,/home/yamen/Projects/Technocolabs/sample_data/popular/SexyBack - Justin Timberlake.mp3
Avril Lavigne,Keep Holding On,1,/home/yamen/Projects/Technocolabs/sample_data/popular/Keep Holding On - Avril Lavigne.mp3
P!nk,Who Knew,1,/home/yamen/Projects/Technocolabs/sample_data/popular/Who Knew - P!nk.mp3
T.I.,Big Things Poppin' (Do It),1,/home/yamen/Projects/Technocolabs/sample_data/popular/Big Things Poppin' (Do It) - T.I..mp3
Gwen Stefani,Wind It Up,1,/home/yamen/Projects/Technocolabs/sample_data/popular/Wind It Up - Gwen Stefani.mp3
Rihanna,Shut Up And Drive,1,/home/yamen/Projects/Technocolabs/sample_data/popular/Shut Up And Drive - Rihanna.mp3
Nickelback,Far Away,1,/home/yamen/Projects/Technocolabs/sample_data/popular/Far Away - Nickelback.mp3
Justin Timberlake,LoveStoned,1,/home/yamen/Projects/Technocolabs/sample_data/popular/LoveStoned - Justin Timberlake.mp3
Sean Paul,Temperature,1,/home/yamen/Projects/Technocolabs/sample_data/popular/Temperature - Sean Paul.mp3
Mary J. Blige,Be Without You,1,/home/yamen/Projects/Technocolabs/sample_data/popular/Be Without You - Mary J. Blige.mp3
The Fray,Over My Head (Cable Car),1,/home/yamen/Projects/Technocolabs/sample_data/popular/Over My Head (Cable Car) - The Fray.mp3
Chris Brown,Run It!,1,/home/yamen/Projects/Technocolabs/sample_data/popular/Run It! - Chris Brown.mp3
Ne-Yo,So Sick,1,/home/yamen/Projects/Technocolabs/sample_data/popular/So Sick - Ne-Yo.mp3
Rihanna,SOS,1,/home/yamen/Projects/Technocolabs/sample_data/popular/SOS - Rihanna.mp3
Fergie,London Bridge,1,/home/yamen/Projects/Technocolabs/sample_data/popular/London Bridge - Fergie.mp3
Rascal Flatts,What Hurts The Most,1,/home/yamen/Projects/Technocolabs/sample_data/popular/What Hurts The Most - Rascal Flatts.mp3
Rihanna,Unfaithful,1,/home/yamen/Projects/Technocolabs/sample_data/popular/Unfaithful - Rihanna.mp3
The Pussycat Dolls,Stickwitu,1,/home/yamen/Projects/Technocolabs/sample_data/popular/Stickwitu - The Pussycat Dolls.mp3
The Black Eyed Peas,My Humps,1,/home/yamen/Projects/Technocolabs/sample_data/popular/My Humps - The Black Eyed Peas.mp3
Chris Brown,Yo (Excuse Me Miss),1,/home/yamen/Projects/Technocolabs/sample_data/popular/Yo (Excuse Me Miss) - Chris Brown.mp3
T.I.,What You Know,1,/home/yamen/Projects/Technocolabs/sample_data/popular/What You Know - T.I..mp3
Nickelback,Savin' Me,1,/home/yamen/Projects/Technocolabs/sample_data/popular/Savin' Me - Nickelback.mp3
Ne-Yo,Sexy Love,1,/home/yamen/Projects/Technocolabs/sample_data/popular/Sexy Love - Ne-Yo.mp3
Rascal Flatts,Life Is A Highway,1,/home/yamen/Projects/Technocolabs/sample_data/popular/Life Is A Highway - Rascal Flatts.mp3
Carrie Underwood,"Jesus, Take The Wheel",1,"/home/yamen/Projects/Technocolabs/sample_data/popular/Jesus, Take The Wheel - Carrie Underwood.mp3"
Sean Paul,We Be Burnin',1,/home/yamen/Projects/Technocolabs/sample_data/popular/We Be Burnin' - Sean Paul.mp3
Chris Brown,Say Goodbye,1,/home/yamen/Projects/Technocolabs/sample_data/popular/Say Goodbye - Chris Brown.mp3
The Black Eyed Peas,Pump It,1,/home/yamen/Projects/Technocolabs/sample_data/popular/Pump It - The Black Eyed Peas.mp3
Eminem,When I'm Gone,1,/home/yamen/Projects/Technocolabs/sample_data/popular/When I'm Gone - Eminem.mp3
Ne-Yo,When You're Mad,1,/home/yamen/Projects/Technocolabs/sample_data/popular/When You're Mad - Ne-Yo.mp3
T.I.,Why You Wanna,1,/home/yamen/Projects/Technocolabs/sample_data/popular/Why You Wanna - T.I..mp3
P!nk,Stupid Girls,1,/home/yamen/Projects/Technocolabs/sample_data/popular/Stupid Girls - P!nk.mp3
T-Pain,I'm Sprung,1,/home/yamen/Projects/Technocolabs/sample_data/popular/I'm Sprung - T-Pain.mp3
Harry Styles,As It Was,0,/home/yamen/Projects/Technocolabs/sample_data/unpopular/As It Was - Harry Styles.mp3
Beyonce,Break My Soul,0,/home/yamen/Projects/Technocolabs/sample_data/unpopular/Break My Soul - Beyonce.mp3
Harry Styles,Late Night Talking,0,/home/yamen/Projects/Technocolabs/sample_data/unpopular/Late Night Talking - Harry Styles.mp3
Morgan Wallen,Wasted On You,0,/home/yamen/Projects/Technocolabs/sample_data/unpopular/Wasted On You - Morgan Wallen.mp3
Luke Combs,The Kind Of Love We Make,0,/home/yamen/Projects/Technocolabs/sample_data/unpopular/The Kind Of Love We Make - Luke Combs.mp3
Justin Bieber,Ghost,0,/home/yamen/Projects/Technocolabs/sample_data/unpopular/Ghost - Justin Bieber.mp3
Morgan Wallen,You Proof,0,/home/yamen/Projects/Technocolabs/sample_data/unpopular/You Proof - Morgan Wallen.mp3
Doja Cat,Get Into It (Yuh),0,/home/yamen/Projects/Technocolabs/sample_data/unpopular/Get Into It (Yuh) - Doja Cat.mp3
Ed Sheeran,Shivers,0,/home/yamen/Projects/Technocolabs/sample_data/unpopular/Shivers - Ed Sheeran.mp3
Doja Cat,Vegas,0,/home/yamen/Projects/Technocolabs/sample_data/unpopular/Vegas - Doja Cat.mp3
Lil Baby,In A Minute,0,/home/yamen/Projects/Technocolabs/sample_data/unpopular/In A Minute - Lil Baby.mp3
Drake,Sticky,0,/home/yamen/Projects/Technocolabs/sample_data/unpopular/Sticky - Drake.mp3
Lil Nas X,Thats What I Want,0,/home/yamen/Projects/Technocolabs/sample_data/unpopular/Thats What I Want - Lil Nas X.mp3
Doja Cat,Woman,0,/home/yamen/Projects/Technocolabs/sample_data/unpopular/Woman - Doja Cat.mp3
Billie Eilish,TV,0,/home/yamen/Projects/Technocolabs/sample_data/unpopular/TV - Billie Eilish.mp3
Halsey,So Good,0,/home/yamen/Projects/Technocolabs/sample_data/unpopular/So Good - Halsey.mp3
Future,Puffin On Zootiez,0,/home/yamen/Projects/Technocolabs/sample_data/unpopular/Puffin On Zootiez - Future.mp3
Carrie Underwood,Ghost Story,0,/home/yamen/Projects/Technocolabs/sample_data/unpopular/Ghost Story - Carrie Underwood.mp3
Billie Eilish,The 30th,0,/home/yamen/Projects/Technocolabs/sample_data/unpopular/The 30th - Billie Eilish.mp3
Imagine Dragons,Bones,0,/home/yamen/Projects/Technocolabs/sample_data/unpopular/Bones - Imagine Dragons.mp3
Drake,Massive,0,/home/yamen/Projects/Technocolabs/sample_data/unpopular/Massive - Drake.mp3
Sam Smith,Love Me More,0,/home/yamen/Projects/Technocolabs/sample_data/unpopular/Love Me More - Sam Smith.mp3
Morgan Wallen,Thought You Should Know,0,/home/yamen/Projects/Technocolabs/sample_data/unpopular/Thought You Should Know - Morgan Wallen.mp3
Lil Baby,Right On,0,/home/yamen/Projects/Technocolabs/sample_data/unpopular/Right On - Lil Baby.mp3
Justin Bieber,Hold On,0,/home/yamen/Projects/Technocolabs/sample_data/unpopular/Hold On - Justin Bieber.mp3
Justin Bieber,Off My Face,0,/home/yamen/Projects/Technocolabs/sample_data/unpopular/Off My Face - Justin Bieber.mp3
Justin Bieber,2 Much,0,/home/yamen/Projects/Technocolabs/sample_data/unpopular/2 Much - Justin Bieber.mp3
DaBaby,Masterpiece,0,/home/yamen/Projects/Technocolabs/sample_data/unpopular/Masterpiece - DaBaby.mp3
Justin Bieber,Deserve You,0,/home/yamen/Projects/Technocolabs/sample_data/unpopular/Deserve You - Justin Bieber.mp3
Justin Bieber,Somebody,0,/home/yamen/Projects/Technocolabs/sample_data/unpopular/Somebody - Justin Bieber.mp3
Morgan Wallen,Sand In My Boots,0,/home/yamen/Projects/Technocolabs/sample_data/unpopular/Sand In My Boots - Morgan Wallen.mp3
Ariana Grande,Santa Tell Me,0,/home/yamen/Projects/Technocolabs/sample_data/unpopular/Santa Tell Me - Ariana Grande.mp3
Lil Nas X,Holiday,0,/home/yamen/Projects/Technocolabs/sample_data/unpopular/Holiday - Lil Nas X.mp3
Ed Sheeran,Afterglow,0,/home/yamen/Projects/Technocolabs/sample_data/unpopular/Afterglow - Ed Sheeran.mp3
Eminem,Gnat,0,/home/yamen/Projects/Technocolabs/sample_data/unpopular/Gnat - Eminem.mp3
Justin Bieber,Rockin' Around The Christmas Tree,0,/home/yamen/Projects/Technocolabs/sample_data/unpopular/Rockin' Around The Christmas Tree - Justin Bieber.mp3
Carrie Underwood,Favorite Time Of Year,0,/home/yamen/Projects/Technocolabs/sample_data/unpopular/Favorite Time Of Year - Carrie Underwood.mp3
Taylor Swift,Champagne Problems,0,/home/yamen/Projects/Technocolabs/sample_data/unpopular/Champagne Problems - Taylor Swift.mp3
Lady A,Champagne Night,0,/home/yamen/Projects/Technocolabs/sample_data/unpopular/Champagne Night - Lady A.mp3
Morgan Wallen,7 Summers,0,/home/yamen/Projects/Technocolabs/sample_data/unpopular/7 Summers - Morgan Wallen.mp3
Taylor Swift,'Tis The Damn Season,0,/home/yamen/Projects/Technocolabs/sample_data/unpopular/'Tis The Damn Season - Taylor Swift.mp3
Carrie Underwood,Silent Night,0,/home/yamen/Projects/Technocolabs/sample_data/unpopular/Silent Night - Carrie Underwood.mp3
Harry Styles,Golden,0,/home/yamen/Projects/Technocolabs/sample_data/unpopular/Golden - Harry Styles.mp3
Adele,Easy On Me,0,/home/yamen/Projects/Technocolabs/sample_data/unpopular/Easy On Me - Adele.mp3
Taylor Swift,All Too Well (Taylor's Version),0,/home/yamen/Projects/Technocolabs/sample_data/unpopular/All Too Well (Taylor's Version) - Taylor Swift.mp3
Adele,Oh My God,0,/home/yamen/Projects/Technocolabs/sample_data/unpopular/Oh My God - Adele.mp3
Adele,I Drink Wine,0,/home/yamen/Projects/Technocolabs/sample_data/unpopular/I Drink Wine - Adele.mp3
Adele,My Little Love,0,/home/yamen/Projects/Technocolabs/sample_data/unpopular/My Little Love - Adele.mp3
Adele,Can I Get It,0,/home/yamen/Projects/Technocolabs/sample_data/unpopular/Can I Get It - Adele.mp3
Adele,To Be Loved,0,/home/yamen/Projects/Technocolabs/sample_data/unpopular/To Be Loved - Adele.mp3
Adele,Strangers By Nature,0,/home/yamen/Projects/Technocolabs/sample_data/unpopular/Strangers By Nature - Adele.mp3
Adele,Cry Your Heart Out,0,/home/yamen/Projects/Technocolabs/sample_data/unpopular/Cry Your Heart Out - Adele.mp3
Luke Combs,Cold As You,0,/home/yamen/Projects/Technocolabs/sample_data/unpopular/Cold As You - Luke Combs.mp3
Adele,Woman Like Me,0,/home/yamen/Projects/Technocolabs/sample_data/unpopular/Woman Like Me - Adele.mp3
Adele,Love Is A Game,0,/home/yamen/Projects/Technocolabs/sample_data/unpopular/Love Is A Game - Adele.mp3
Juice WRLD,Already Dead,0,/home/yamen/Projects/Technocolabs/sample_data/unpopular/Already Dead - Juice WRLD.mp3
Taylor Swift,Message In A Bottle (Taylor's Version) (From The Vault),0,/home/yamen/Projects/Technocolabs/sample_data/unpopular/Message In A Bottle (Taylor's Version) (From The Vault) - Taylor Swift.mp3
Luke Combs,Doin' This,0,/home/yamen/Projects/Technocolabs/sample_data/unpopular/Doin' This - Luke Combs.mp3
Taylor Swift,Red (Taylor's Version),0,/home/yamen/Projects/Technocolabs/sample_data/unpopular/Red (Taylor's Version) - Taylor Swift.mp3
Taylor Swift,State Of Grace (Taylor's Version),0,/home/yamen/Projects/Technocolabs/sample_data/unpopular/State Of Grace (Taylor's Version) - Taylor Swift.mp3
Travis Scott,Escape Plan,0,/home/yamen/Projects/Technocolabs/sample_data/unpopular/Escape Plan - Travis Scott.mp3
Jonas Brothers,Who's In Your Head,0,/home/yamen/Projects/Technocolabs/sample_data/unpopular/Who's In Your Head - Jonas Brothers.mp3
BTS,Permission To Dance,0,/home/yamen/Projects/Technocolabs/sample_data/unpopular/Permission To Dance - BTS.mp3
Post Malone,Motley Crew,0,/home/yamen/Projects/Technocolabs/sample_data/unpopular/Motley Crew - Post Malone.mp3
Doja Cat,Ain't Shit,0,/home/yamen/Projects/Technocolabs/sample_data/unpopular/Ain't Shit - Doja Cat.mp3
Camila Cabello,Don't Go Yet,0,/home/yamen/Projects/Technocolabs/sample_data/unpopular/Don't Go Yet - Camila Cabello.mp3
DaBaby,Ball If I Want To,0,/home/yamen/Projects/Technocolabs/sample_data/unpopular/Ball If I Want To - DaBaby.mp3
Olivia Rodrigo,Favorite Crime,0,/home/yamen/Projects/Technocolabs/sample_data/unpopular/Favorite Crime - Olivia Rodrigo.mp3
Olivia Rodrigo,Happier,0,/home/yamen/Projects/Technocolabs/sample_data/unpopular/Happier - Olivia Rodrigo.mp3
DaBaby,Red Light Green Light,0,/home/yamen/Projects/Technocolabs/sample_data/unpopular/Red Light Green Light - DaBaby.mp3
Billie Eilish,NDA,0,/home/yamen/Projects/Technocolabs/sample_data/unpopular/NDA - Billie Eilish.mp3
Olivia Rodrigo,Brutal,0,/home/yamen/Projects/Technocolabs/sample_data/unpopular/Brutal - Olivia Rodrigo.mp3
BTS,Life Goes On,0,/home/yamen/Projects/Technocolabs/sample_data/unpopular/Life Goes On - BTS.mp3
BTS,Blue & Grey,0,/home/yamen/Projects/Technocolabs/sample_data/unpopular/Blue & Grey - BTS.mp3
BTS,Stay,0,/home/yamen/Projects/Technocolabs/sample_data/unpopular/Stay - BTS.mp3
Morgan Wallen,Somebody's Problem,0,/home/yamen/Projects/Technocolabs/sample_data/unpopular/Somebody's Problem - Morgan Wallen.mp3
Morgan Wallen,Still Goin Down,0,/home/yamen/Projects/Technocolabs/sample_data/unpopular/Still Goin Down - Morgan Wallen.mp3
Shawn Mendes,Wonder,0,/home/yamen/Projects/Technocolabs/sample_data/unpopular/Wonder - Shawn Mendes.mp3
BTS,Fly To My Room,0,/home/yamen/Projects/Technocolabs/sample_data/unpopular/Fly To My Room - BTS.mp3
BTS,Telepathy,0,/home/yamen/Projects/Technocolabs/sample_data/unpopular/Telepathy - BTS.mp3
BTS,Dis-ease,0,/home/yamen/Projects/Technocolabs/sample_data/unpopular/Dis-ease - BTS.mp3
Miley Cyrus,Midnight Sky,0,/home/yamen/Projects/Technocolabs/sample_data/unpopular/Midnight Sky - Miley Cyrus.mp3
Morgan Wallen,Livin' The Dream,0,/home/yamen/Projects/Technocolabs/sample_data/unpopular/Livin' The Dream - Morgan Wallen.mp3
Morgan Wallen,Cover Me Up,0,/home/yamen/Projects/Technocolabs/sample_data/unpopular/Cover Me Up - Morgan Wallen.mp3
Juice WRLD,Conversations,0,/home/yamen/Projects/Technocolabs/sample_data/unpopular/Conversations - Juice WRLD.mp3
Juice WRLD,Blood On My Jeans,0,/home/yamen/Projects/Technocolabs/sample_data/unpopular/Blood On My Jeans - Juice WRLD.mp3
Juice WRLD,Righteous,0,/home/yamen/Projects/Technocolabs/sample_data/unpopular/Righteous - Juice WRLD.mp3
Pop Smoke,Got It On Me,0,/home/yamen/Projects/Technocolabs/sample_data/unpopular/Got It On Me - Pop Smoke.mp3
Juice WRLD,Titanic,0,/home/yamen/Projects/Technocolabs/sample_data/unpopular/Titanic - Juice WRLD.mp3
Juice WRLD,Stay High,0,/home/yamen/Projects/Technocolabs/sample_data/unpopular/Stay High - Juice WRLD.mp3
Juice WRLD,Bad Energy,0,/home/yamen/Projects/Technocolabs/sample_data/unpopular/Bad Energy - Juice WRLD.mp3
Pop Smoke,Something Special,0,/home/yamen/Projects/Technocolabs/sample_data/unpopular/Something Special - Pop Smoke.mp3
Juice WRLD,Up Up And Away,0,/home/yamen/Projects/Technocolabs/sample_data/unpopular/Up Up And Away - Juice WRLD.mp3
Juice WRLD,Fighting Demons,0,/home/yamen/Projects/Technocolabs/sample_data/unpopular/Fighting Demons - Juice WRLD.mp3
Juice WRLD,Man Of The Year,0,/home/yamen/Projects/Technocolabs/sample_data/unpopular/Man Of The Year - Juice WRLD.mp3
Juice WRLD,Can't Die,0,/home/yamen/Projects/Technocolabs/sample_data/unpopular/Can't Die - Juice WRLD.mp3
Juice WRLD,Screw Juice,0,/home/yamen/Projects/Technocolabs/sample_data/unpopular/Screw Juice - Juice WRLD.mp3
The Weeknd,In Your Eyes,0,/home/yamen/Projects/Technocolabs/sample_data/unpopular/In Your Eyes - The Weeknd.mp3
The Weeknd,Alone Again,0,/home/yamen/Projects/Technocolabs/sample_data/unpopular/Alone Again - The Weeknd.mp3
The Weeknd,After Hours,0,/home/yamen/Projects/Technocolabs/sample_data/unpopular/After Hours - The Weeknd.mp3
The Weeknd,Scared To Live,0,/home/yamen/Projects/Technocolabs/sample_data/unpopular/Scared To Live - The Weeknd.mp3
The Weeknd,Hardest To Love,0,/home/yamen/Projects/Technocolabs/sample_data/unpopular/Hardest To Love - The Weeknd.mp3
Lady Gaga,Stupid Love,0,/home/yamen/Projects/Technocolabs/sample_data/unpopular/Stupid Love - Lady Gaga.mp3
The Weeknd,Too Late,0,/home/yamen/Projects/Technocolabs/sample_data/unpopular/Too Late - The Weeknd.mp3
The Weeknd,Snowchild,0,/home/yamen/Projects/Technocolabs/sample_data/unpopular/Snowchild - The Weeknd.mp3
The Weeknd,Escape From LA,0,/home/yamen/Projects/Technocolabs/sample_data/unpopular/Escape From LA - The Weeknd.mp3
The Weeknd,Faith,0,/home/yamen/Projects/Technocolabs/sample_data/unpopular/Faith - The Weeknd.mp3
The Weeknd,Repeat After Me (Interlude),0,/home/yamen/Projects/Technocolabs/sample_data/unpopular/Repeat After Me (Interlude) - The Weeknd.mp3
Jonas Brothers,What A Man Gotta Do,0,/home/yamen/Projects/Technocolabs/sample_data/unpopular/What A Man Gotta Do - Jonas Brothers.mp3
The Weeknd,Until I Bleed Out,0,/home/yamen/Projects/Technocolabs/sample_data/unpopular/Until I Bleed Out - The Weeknd.mp3
Sam Smith,To Die For,0,/home/yamen/Projects/Technocolabs/sample_data/unpopular/To Die For - Sam Smith.mp3
Jonas Brothers,Like It's Christmas,0,/home/yamen/Projects/Technocolabs/sample_data/unpopular/Like It's Christmas - Jonas Brothers.mp3
Taylor Swift,Lover,0,/home/yamen/Projects/Technocolabs/sample_data/unpopular/Lover - Taylor Swift.mp3
Halsey,Graveyard,0,/home/yamen/Projects/Technocolabs/sample_data/unpopular/Graveyard - Halsey.mp3
DaBaby,VIBEZ,0,/home/yamen/Projects/Technocolabs/sample_data/unpopular/VIBEZ - DaBaby.mp3
Juice WRLD,Let Me Know (I Wonder Why Freestyle),0,/home/yamen/Projects/Technocolabs/sample_data/unpopular/Let Me Know (I Wonder Why Freestyle) - Juice WRLD.mp3
Doja Cat,Candy,0,/home/yamen/Projects/Technocolabs/sample_data/unpopular/Candy - Doja Cat.mp3
Billie Eilish,All The Good Girls Go To Hell,0,/home/yamen/Projects/Technocolabs/sample_data/unpopular/All The Good Girls Go To Hell - Billie Eilish.mp3
Kanye West,Follow God,0,/home/yamen/Projects/Technocolabs/sample_data/unpopular/Follow God - Kanye West.mp3
Katy Perry,Never Really Over,0,/home/yamen/Projects/Technocolabs/sample_data/unpopular/Never Really Over - Katy Perry.mp3
Cardi B,Press,0,/home/yamen/Projects/Technocolabs/sample_data/unpopular/Press - Cardi B.mp3
Taylor Swift,The Archer,0,/home/yamen/Projects/Technocolabs/sample_data/unpopular/The Archer - Taylor Swift.mp3
Halsey,Nightmare,0,/home/yamen/Projects/Technocolabs/sample_data/unpopular/Nightmare - Halsey.mp3
Jonas Brothers,Cool,0,/home/yamen/Projects/Technocolabs/sample_data/unpopular/Cool - Jonas Brothers.mp3
Beyonce,Before I Let Go,0,/home/yamen/Projects/Technocolabs/sample_data/unpopular/Before I Let Go - Beyonce.mp3
Carrie Underwood,Southbound,0,/home/yamen/Projects/Technocolabs/sample_data/unpopular/Southbound - Carrie Underwood.mp3
Nicki Minaj,MEGATRON,0,/home/yamen/Projects/Technocolabs/sample_data/unpopular/MEGATRON - Nicki Minaj.mp3
Imagine Dragons,Bad Liar,0,/home/yamen/Projects/Technocolabs/sample_data/unpopular/Bad Liar - Imagine Dragons.mp3
Lil Baby,Pure Cocaine,0,/home/yamen/Projects/Technocolabs/sample_data/unpopular/Pure Cocaine - Lil Baby.mp3
Billie Eilish,Wish You Were Gay,0,/home/yamen/Projects/Technocolabs/sample_data/unpopular/Wish You Were Gay - Billie Eilish.mp3
Juice WRLD,Hear Me Calling,0,/home/yamen/Projects/Technocolabs/sample_data/unpopular/Hear Me Calling - Juice WRLD.mp3
Chris Brown,Undecided,0,/home/yamen/Projects/Technocolabs/sample_data/unpopular/Undecided - Chris Brown.mp3
Juice WRLD,Empty,0,/home/yamen/Projects/Technocolabs/sample_data/unpopular/Empty - Juice WRLD.mp3
Carrie Underwood,Love Wins,0,/home/yamen/Projects/Technocolabs/sample_data/unpopular/Love Wins - Carrie Underwood.mp3
Katy Perry,Cozy Little Christmas,0,/home/yamen/Projects/Technocolabs/sample_data/unpopular/Cozy Little Christmas - Katy Perry.mp3
Luke Combs,She Got The Best Of Me,0,/home/yamen/Projects/Technocolabs/sample_data/unpopular/She Got The Best Of Me - Luke Combs.mp3
Lil Wayne,Uproar,0,/home/yamen/Projects/Technocolabs/sample_data/unpopular/Uproar - Lil Wayne.mp3
XXXTENTACION,BAD!,0,/home/yamen/Projects/Technocolabs/sample_data/unpopular/BAD! - XXXTENTACION.mp3
Ariana Grande,Imagine,0,/home/yamen/Projects/Technocolabs/sample_data/unpopular/Imagine - Ariana Grande.mp3
Camila Cabello,Consequences,0,/home/yamen/Projects/Technocolabs/sample_data/unpopular/Consequences - Camila Cabello.mp3
Juice WRLD,Armed And Dangerous,0,/home/yamen/Projects/Technocolabs/sample_data/unpopular/Armed And Dangerous - Juice WRLD.mp3
Billie Eilish,Ocean Eyes,0,/home/yamen/Projects/Technocolabs/sample_data/unpopular/Ocean Eyes - Billie Eilish.mp3
Drake,Mob Ties,0,/home/yamen/Projects/Technocolabs/sample_data/unpopular/Mob Ties - Drake.mp3
Juice WRLD,All Girls Are The Same,0,/home/yamen/Projects/Technocolabs/sample_data/unpopular/All Girls Are The Same - Juice WRLD.mp3
Carrie Underwood,Cry Pretty,0,/home/yamen/Projects/Technocolabs/sample_data/unpopular/Cry Pretty - Carrie Underwood.mp3
twenty one pilots,Jumpsuit,0,/home/yamen/Projects/Technocolabs/sample_data/unpopular/Jumpsuit - twenty one pilots.mp3
Kanye West,All Mine,0,/home/yamen/Projects/Technocolabs/sample_data/unpopular/All Mine - Kanye West.mp3
Billie Eilish,You Should See Me In A Crown,0,/home/yamen/Projects/Technocolabs/sample_data/unpopular/You Should See Me In A Crown - Billie Eilish.mp3
Drake,Emotionless,0,/home/yamen/Projects/Technocolabs/sample_data/unpopular/Emotionless - Drake.mp3
Drake,Can't Take A Joke,0,/home/yamen/Projects/Technocolabs/sample_data/unpopular/Can't Take A Joke - Drake.mp3
Meghan Trainor,No Excuses,0,/home/yamen/Projects/Technocolabs/sample_data/unpopular/No Excuses - Meghan Trainor.mp3
P!nk,Beautiful Trauma,0,/home/yamen/Projects/Technocolabs/sample_data/unpopular/Beautiful Trauma - P!nk.mp3
Chris Brown,Tempo,0,/home/yamen/Projects/Technocolabs/sample_data/unpopular/Tempo - Chris Brown.mp3
XXXTENTACION,The Remedy For A Broken Heart (Why Am I So In Love),0,/home/yamen/Projects/Technocolabs/sample_data/unpopular/The Remedy For A Broken Heart (Why Am I So In Love) - XXXTENTACION.mp3
Post Malone,Candy Paint,0,/home/yamen/Projects/Technocolabs/sample_data/unpopular/Candy Paint - Post Malone.mp3
Taylor Swift,...Ready For It?,0,/home/yamen/Projects/Technocolabs/sample_data/unpopular/...Ready For It? - Taylor Swift.mp3
Lil Baby,My Dawg,0,/home/yamen/Projects/Technocolabs/sample_data/unpopular/My Dawg - Lil Baby.mp3
Eminem,Believe,0,/home/yamen/Projects/Technocolabs/sample_data/unpopular/Believe - Eminem.mp3
Luke Combs,When It Rains It Pours,0,/home/yamen/Projects/Technocolabs/sample_data/unpopular/When It Rains It Pours - Luke Combs.mp3
Taylor Swift,Call It What You Want,0,/home/yamen/Projects/Technocolabs/sample_data/unpopular/Call It What You Want - Taylor Swift.mp3
XXXTENTACION,Jocelyn Flores,0,/home/yamen/Projects/Technocolabs/sample_data/unpopular/Jocelyn Flores - XXXTENTACION.mp3
Taylor Swift,Gorgeous,0,/home/yamen/Projects/Technocolabs/sample_data/unpopular/Gorgeous - Taylor Swift.mp3
Chris Brown,Questions,0,/home/yamen/Projects/Technocolabs/sample_data/unpopular/Questions - Chris Brown.mp3
Post Malone,Go Flex,0,/home/yamen/Projects/Technocolabs/sample_data/unpopular/Go Flex - Post Malone.mp3
Bruno Mars,Versace On The Floor,0,/home/yamen/Projects/Technocolabs/sample_data/unpopular/Versace On The Floor - Bruno Mars.mp3
Travis Scott,Butterfly Effect,0,/home/yamen/Projects/Technocolabs/sample_data/unpopular/Butterfly Effect - Travis Scott.mp3
Rascal Flatts,Yours If You Want It,0,/home/yamen/Projects/Technocolabs/sample_data/unpopular/Yours If You Want It - Rascal Flatts.mp3
Camila Cabello,Crying In The Club,0,/home/yamen/Projects/Technocolabs/sample_data/unpopular/Crying In The Club - Camila Cabello.mp3
Chris Brown,Privacy,0,/home/yamen/Projects/Technocolabs/sample_data/unpopular/Privacy - Chris Brown.mp3
Lady Gaga,The Cure,0,/home/yamen/Projects/Technocolabs/sample_data/unpopular/The Cure - Lady Gaga.mp3
Drake,Signs,0,/home/yamen/Projects/Technocolabs/sample_data/unpopular/Signs - Drake.mp3
The Weeknd,Reminder,0,/home/yamen/Projects/Technocolabs/sample_data/unpopular/Reminder - The Weeknd.mp3
Kendrick Lamar,Element.,0,/home/yamen/Projects/Technocolabs/sample_data/unpopular/Element. - Kendrick Lamar.mp3
Lady Gaga,Million Reasons,0,/home/yamen/Projects/Technocolabs/sample_data/unpopular/Million Reasons - Lady Gaga.mp3
Nicki Minaj,Regret In Your Tears,0,/home/yamen/Projects/Technocolabs/sample_data/unpopular/Regret In Your Tears - Nicki Minaj.mp3
Ed Sheeran,Galway Girl,0,/home/yamen/Projects/Technocolabs/sample_data/unpopular/Galway Girl - Ed Sheeran.mp3
Future,Draco,0,/home/yamen/Projects/Technocolabs/sample_data/unpopular/Draco - Future.mp3
The Weeknd,Party Monster,0,/home/yamen/Projects/Technocolabs/sample_data/unpopular/Party Monster - The Weeknd.mp3
Ed Sheeran,Dive,0,/home/yamen/Projects/Technocolabs/sample_data/unpopular/Dive - Ed Sheeran.mp3
Carrie Underwood,Dirty Laundry,0,/home/yamen/Projects/Technocolabs/sample_data/unpopular/Dirty Laundry - Carrie Underwood.mp3
The Weeknd,Six Feet Under,0,/home/yamen/Projects/Technocolabs/sample_data/unpopular/Six Feet Under - The Weeknd.mp3
Kanye West,Fade,0,/home/yamen/Projects/Technocolabs/sample_data/unpopular/Fade - Kanye West.mp3
Rihanna,Sex With Me,0,/home/yamen/Projects/Technocolabs/sample_data/unpopular/Sex With Me - Rihanna.mp3
Katy Perry,Rise,0,/home/yamen/Projects/Technocolabs/sample_data/unpopular/Rise - Katy Perry.mp3
Carrie Underwood,Church Bells,0,/home/yamen/Projects/Technocolabs/sample_data/unpopular/Church Bells - Carrie Underwood.mp3
Fetty Wap,Wake Up,0,/home/yamen/Projects/Technocolabs/sample_data/unpopular/Wake Up - Fetty Wap.mp3
Kanye West,Famous,0,/home/yamen/Projects/Technocolabs/sample_data/unpopular/Famous - Kanye West.mp3
Fergie,M.I.L.F. $,0,/home/yamen/Projects/Technocolabs/sample_data/unpopular/M.I.L.F. $ - Fergie.mp3
Drake,Childs Play,0,/home/yamen/Projects/Technocolabs/sample_data/unpopular/Childs Play - Drake.mp3
Drake,Summer Sixteen,0,/home/yamen/Projects/Technocolabs/sample_data/unpopular/Summer Sixteen - Drake.mp3
Carrie Underwood,Heartbeat,0,/home/yamen/Projects/Technocolabs/sample_data/unpopular/Heartbeat - Carrie Underwood.mp3
Rascal Flatts,I Like The Sound Of That,0,/home/yamen/Projects/Technocolabs/sample_data/unpopular/I Like The Sound Of That - Rascal Flatts.mp3
Taylor Swift,New Romantics,0,/home/yamen/Projects/Technocolabs/sample_data/unpopular/New Romantics - Taylor Swift.mp3
The Weeknd,Acquainted,0,/home/yamen/Projects/Technocolabs/sample_data/unpopular/Acquainted - The Weeknd.mp3
Justin Bieber,Company,0,/home/yamen/Projects/Technocolabs/sample_data/unpopular/Company - Justin Bieber.mp3
Fetty Wap,Jimmy Choo,0,/home/yamen/Projects/Technocolabs/sample_data/unpopular/Jimmy Choo - Fetty Wap.mp3
Gwen Stefani,Make Me Like You,0,/home/yamen/Projects/Technocolabs/sample_data/unpopular/Make Me Like You - Gwen Stefani.mp3
Ariana Grande,Focus,0,/home/yamen/Projects/Technocolabs/sample_data/unpopular/Focus - Ariana Grande.mp3
Fetty Wap,Again,0,/home/yamen/Projects/Technocolabs/sample_data/unpopular/Again - Fetty Wap.mp3
Justin Bieber,I'll Show You,0,/home/yamen/Projects/Technocolabs/sample_data/unpopular/I'll Show You - Justin Bieber.mp3
Gwen Stefani,Used To Love You,0,/home/yamen/Projects/Technocolabs/sample_data/unpopular/Used To Love You - Gwen Stefani.mp3
Halsey,New Americana,0,/home/yamen/Projects/Technocolabs/sample_data/unpopular/New Americana - Halsey.mp3
Drake,Right Hand,0,/home/yamen/Projects/Technocolabs/sample_data/unpopular/Right Hand - Drake.mp3
Carrie Underwood,Smoke Break,0,/home/yamen/Projects/Technocolabs/sample_data/unpopular/Smoke Break - Carrie Underwood.mp3
Justin Bieber,Purpose,0,/home/yamen/Projects/Technocolabs/sample_data/unpopular/Purpose - Justin Bieber.mp3
Justin Bieber,Mark My Words,0,/home/yamen/Projects/Technocolabs/sample_data/unpopular/Mark My Words - Justin Bieber.mp3
Justin Bieber,Life Is Worth Living,0,/home/yamen/Projects/Technocolabs/sample_data/unpopular/Life Is Worth Living - Justin Bieber.mp3
Justin Bieber,Children,0,/home/yamen/Projects/Technocolabs/sample_data/unpopular/Children - Justin Bieber.mp3
Chris Brown,Liquor,0,/home/yamen/Projects/Technocolabs/sample_data/unpopular/Liquor - Chris Brown.mp3
Justin Bieber,Been You,0,/home/yamen/Projects/Technocolabs/sample_data/unpopular/Been You - Justin Bieber.mp3
One Direction,If I Could Fly,0,/home/yamen/Projects/Technocolabs/sample_data/unpopular/If I Could Fly - One Direction.mp3
One Direction,Olivia,0,/home/yamen/Projects/Technocolabs/sample_data/unpopular/Olivia - One Direction.mp3
Justin Bieber,Get Used To It,0,/home/yamen/Projects/Technocolabs/sample_data/unpopular/Get Used To It - Justin Bieber.mp3
One Direction,A.M.,0,/home/yamen/Projects/Technocolabs/sample_data/unpopular/A.M. - One Direction.mp3
Fetty Wap,RGF Island,0,/home/yamen/Projects/Technocolabs/sample_data/unpopular/RGF Island - Fetty Wap.mp3
One Direction,Temporary Fix,0,/home/yamen/Projects/Technocolabs/sample_data/unpopular/Temporary Fix - One Direction.mp3
Justin Bieber,Trust,0,/home/yamen/Projects/Technocolabs/sample_data/unpopular/Trust - Justin Bieber.mp3
One Direction,Never Enough,0,/home/yamen/Projects/Technocolabs/sample_data/unpopular/Never Enough - One Direction.mp3
Maroon 5,This Summer's Gonna Hurt...,0,/home/yamen/Projects/Technocolabs/sample_data/unpopular/This Summer's Gonna Hurt... - Maroon 5.mp3
Nicki Minaj,The Night Is Still Young,0,/home/yamen/Projects/Technocolabs/sample_data/unpopular/The Night Is Still Young - Nicki Minaj.mp3
Future,Commas,0,/home/yamen/Projects/Technocolabs/sample_data/unpopular/Commas - Future.mp3
Carrie Underwood,Little Toy Guns,0,/home/yamen/Projects/Technocolabs/sample_data/unpopular/Little Toy Guns - Carrie Underwood.mp3
Kendrick Lamar,Alright,0,/home/yamen/Projects/Technocolabs/sample_data/unpopular/Alright - Kendrick Lamar.mp3
twenty one pilots,Tear In My Heart,0,/home/yamen/Projects/Technocolabs/sample_data/unpopular/Tear In My Heart - twenty one pilots.mp3
Drake,Energy,0,/home/yamen/Projects/Technocolabs/sample_data/unpopular/Energy - Drake.mp3
Imagine Dragons,I Bet My Life,0,/home/yamen/Projects/Technocolabs/sample_data/unpopular/I Bet My Life - Imagine Dragons.mp3
Drake,Know Yourself,0,/home/yamen/Projects/Technocolabs/sample_data/unpopular/Know Yourself - Drake.mp3
Kendrick Lamar,King Kunta,0,/home/yamen/Projects/Technocolabs/sample_data/unpopular/King Kunta - Kendrick Lamar.mp3
Drake,Legend,0,/home/yamen/Projects/Technocolabs/sample_data/unpopular/Legend - Drake.mp3
Kendrick Lamar,The Blacker The Berry,0,/home/yamen/Projects/Technocolabs/sample_data/unpopular/The Blacker The Berry - Kendrick Lamar.mp3
Drake,10 Bands,0,/home/yamen/Projects/Technocolabs/sample_data/unpopular/10 Bands - Drake.mp3
twenty one pilots,Fairly Local,0,/home/yamen/Projects/Technocolabs/sample_data/unpopular/Fairly Local - twenty one pilots.mp3
Carrie Underwood,Something In The Water,0,/home/yamen/Projects/Technocolabs/sample_data/unpopular/Something In The Water - Carrie Underwood.mp3
Fergie,L.A.LOVE (la la),0,/home/yamen/Projects/Technocolabs/sample_data/unpopular/L.A.LOVE (la la) - Fergie.mp3
One Direction,Steal My Girl,0,/home/yamen/Projects/Technocolabs/sample_data/unpopular/Steal My Girl - One Direction.mp3
The Weeknd,Often,0,/home/yamen/Projects/Technocolabs/sample_data/unpopular/Often - The Weeknd.mp3
Kendrick Lamar,i,0,/home/yamen/Projects/Technocolabs/sample_data/unpopular/i - Kendrick Lamar.mp3
Gwen Stefani,Baby Don't Lie,0,/home/yamen/Projects/Technocolabs/sample_data/unpopular/Baby Don't Lie - Gwen Stefani.mp3
Katy Perry,This Is How We Do,0,/home/yamen/Projects/Technocolabs/sample_data/unpopular/This Is How We Do - Katy Perry.mp3
One Direction,Stockholm Syndrome,0,/home/yamen/Projects/Technocolabs/sample_data/unpopular/Stockholm Syndrome - One Direction.mp3
Nicki Minaj,Pills N Potions,0,/home/yamen/Projects/Technocolabs/sample_data/unpopular/Pills N Potions - Nicki Minaj.mp3
Pharrell Williams,Come Get It Bae,0,/home/yamen/Projects/Technocolabs/sample_data/unpopular/Come Get It Bae - Pharrell Williams.mp3
Iggy Azalea,Work,0,/home/yamen/Projects/Technocolabs/sample_data/unpopular/Work - Iggy Azalea.mp3
Usher,Good Kisser,0,/home/yamen/Projects/Technocolabs/sample_data/unpopular/Good Kisser - Usher.mp3
The Chainsmokers,#SELFIE,0,/home/yamen/Projects/Technocolabs/sample_data/unpopular/#SELFIE - The Chainsmokers.mp3
Bruno Mars,Young Girls,0,/home/yamen/Projects/Technocolabs/sample_data/unpopular/Young Girls - Bruno Mars.mp3
Rascal Flatts,Rewind,0,/home/yamen/Projects/Technocolabs/sample_data/unpopular/Rewind - Rascal Flatts.mp3
Coldplay,Magic,0,/home/yamen/Projects/Technocolabs/sample_data/unpopular/Magic - Coldplay.mp3
Imagine Dragons,On Top Of The World,0,/home/yamen/Projects/Technocolabs/sample_data/unpopular/On Top Of The World - Imagine Dragons.mp3
Katy Perry,Unconditionally,0,/home/yamen/Projects/Technocolabs/sample_data/unpopular/Unconditionally - Katy Perry.mp3
Eminem,Rap God,0,/home/yamen/Projects/Technocolabs/sample_data/unpopular/Rap God - Eminem.mp3
Beyonce,XO,0,/home/yamen/Projects/Technocolabs/sample_data/unpopular/XO - Beyonce.mp3
Drake,The Language,0,/home/yamen/Projects/Technocolabs/sample_data/unpopular/The Language - Drake.mp3
Justin Timberlake,TKO,0,/home/yamen/Projects/Technocolabs/sample_data/unpopular/TKO - Justin Timberlake.mp3
Justin Bieber,All That Matters,0,/home/yamen/Projects/Technocolabs/sample_data/unpopular/All That Matters - Justin Bieber.mp3
Kanye West,Bound 2,0,/home/yamen/Projects/Technocolabs/sample_data/unpopular/Bound 2 - Kanye West.mp3
Future,Honest,0,/home/yamen/Projects/Technocolabs/sample_data/unpopular/Honest - Future.mp3
Britney Spears,Perfume,0,/home/yamen/Projects/Technocolabs/sample_data/unpopular/Perfume - Britney Spears.mp3
Drake,Worst Behavior,0,/home/yamen/Projects/Technocolabs/sample_data/unpopular/Worst Behavior - Drake.mp3
Daughtry,Waiting For Superman,0,/home/yamen/Projects/Technocolabs/sample_data/unpopular/Waiting For Superman - Daughtry.mp3
Eminem,Survival,0,/home/yamen/Projects/Technocolabs/sample_data/unpopular/Survival - Eminem.mp3
One Direction,Diana,0,/home/yamen/Projects/Technocolabs/sample_data/unpopular/Diana - One Direction.mp3
One Direction,Midnight Memories,0,/home/yamen/Projects/Technocolabs/sample_data/unpopular/Midnight Memories - One Direction.mp3
Rihanna,What Now,0,/home/yamen/Projects/Technocolabs/sample_data/unpopular/What Now - Rihanna.mp3
Taylor Swift,Red,0,/home/yamen/Projects/Technocolabs/sample_data/unpopular/Red - Taylor Swift.mp3
Bruno Mars,Gorilla,0,/home/yamen/Projects/Technocolabs/sample_data/unpopular/Gorilla - Bruno Mars.mp3
One Direction,Strong,0,/home/yamen/Projects/Technocolabs/sample_data/unpopular/Strong - One Direction.mp3
Britney Spears,Work B**ch!,0,/home/yamen/Projects/Technocolabs/sample_data/unpopular/Work B**ch! - Britney Spears.mp3
Ariana Grande,Last Christmas,0,/home/yamen/Projects/Technocolabs/sample_data/unpopular/Last Christmas - Ariana Grande.mp3
Justin Timberlake,Take Back The Night,0,/home/yamen/Projects/Technocolabs/sample_data/unpopular/Take Back The Night - Justin Timberlake.mp3
Britney Spears,Ooh La La,0,/home/yamen/Projects/Technocolabs/sample_data/unpopular/Ooh La La - Britney Spears.mp3
Avril Lavigne,Here's To Never Growing Up,0,/home/yamen/Projects/Technocolabs/sample_data/unpopular/Here's To Never Growing Up - Avril Lavigne.mp3
Chris Brown,Fine China,0,/home/yamen/Projects/Technocolabs/sample_data/unpopular/Fine China - Chris Brown.mp3
Carrie Underwood,Two Black Cadillacs,0,/home/yamen/Projects/Technocolabs/sample_data/unpopular/Two Black Cadillacs - Carrie Underwood.mp3
One Direction,Kiss You,0,/home/yamen/Projects/Technocolabs/sample_data/unpopular/Kiss You - One Direction.mp3
Justin Timberlake,Pusher Love Girl,0,/home/yamen/Projects/Technocolabs/sample_data/unpopular/Pusher Love Girl - Justin Timberlake.mp3
Future,Neva End,0,/home/yamen/Projects/Technocolabs/sample_data/unpopular/Neva End - Future.mp3
Ke$ha,C'mon,0,/home/yamen/Projects/Technocolabs/sample_data/unpopular/C'mon - Ke$ha.mp3
One Direction,One Way Or Another (Teenage Kicks),0,/home/yamen/Projects/Technocolabs/sample_data/unpopular/One Way Or Another (Teenage Kicks) - One Direction.mp3
Kendrick Lamar,"Bitch, Don't Kill My Vibe",0,"/home/yamen/Projects/Technocolabs/sample_data/unpopular/Bitch, Don't Kill My Vibe - Kendrick Lamar.mp3"
Rascal Flatts,Changed,0,/home/yamen/Projects/Technocolabs/sample_data/unpopular/Changed - Rascal Flatts.mp3
Nicki Minaj,Va Va Voom,0,/home/yamen/Projects/Technocolabs/sample_data/unpopular/Va Va Voom - Nicki Minaj.mp3
One Direction,Little Things,0,/home/yamen/Projects/Technocolabs/sample_data/unpopular/Little Things - One Direction.mp3
The Weeknd,Wicked Games,0,/home/yamen/Projects/Technocolabs/sample_data/unpopular/Wicked Games - The Weeknd.mp3
Chris Brown,Don't Judge Me,0,/home/yamen/Projects/Technocolabs/sample_data/unpopular/Don't Judge Me - Chris Brown.mp3
Adele,Skyfall,0,/home/yamen/Projects/Technocolabs/sample_data/unpopular/Skyfall - Adele.mp3
One Direction,Live While We're Young,0,/home/yamen/Projects/Technocolabs/sample_data/unpopular/Live While We're Young - One Direction.mp3
Taylor Swift,Begin Again,0,/home/yamen/Projects/Technocolabs/sample_data/unpopular/Begin Again - Taylor Swift.mp3
Future,Turn On The Lights,0,/home/yamen/Projects/Technocolabs/sample_data/unpopular/Turn On The Lights - Future.mp3
Rascal Flatts,Come Wake Me Up,0,/home/yamen/Projects/Technocolabs/sample_data/unpopular/Come Wake Me Up - Rascal Flatts.mp3
Beyonce,Dance For You,0,/home/yamen/Projects/Technocolabs/sample_data/unpopular/Dance For You - Beyonce.mp3
One Direction,One Thing,0,/home/yamen/Projects/Technocolabs/sample_data/unpopular/One Thing - One Direction.mp3
T.I.,Go Get It,0,/home/yamen/Projects/Technocolabs/sample_data/unpopular/Go Get It - T.I..mp3
Taylor Swift,Eyes Open,0,/home/yamen/Projects/Technocolabs/sample_data/unpopular/Eyes Open - Taylor Swift.mp3
Taylor Swift,Ours,0,/home/yamen/Projects/Technocolabs/sample_data/unpopular/Ours - Taylor Swift.mp3
Beyonce,Love On Top,0,/home/yamen/Projects/Technocolabs/sample_data/unpopular/Love On Top - Beyonce.mp3
Rascal Flatts,Banjo,0,/home/yamen/Projects/Technocolabs/sample_data/unpopular/Banjo - Rascal Flatts.mp3
LMFAO,Sorry For Party Rocking,0,/home/yamen/Projects/Technocolabs/sample_data/unpopular/Sorry For Party Rocking - LMFAO.mp3
Justin Bieber,Mistletoe,0,/home/yamen/Projects/Technocolabs/sample_data/unpopular/Mistletoe - Justin Bieber.mp3
Lady Gaga,Marry The Night,0,/home/yamen/Projects/Technocolabs/sample_data/unpopular/Marry The Night - Lady Gaga.mp3
Nickelback,When We Stand Together,0,/home/yamen/Projects/Technocolabs/sample_data/unpopular/When We Stand Together - Nickelback.mp3
Avril Lavigne,Wish You Were Here,0,/home/yamen/Projects/Technocolabs/sample_data/unpopular/Wish You Were Here - Avril Lavigne.mp3
Lil Wayne,Blunt Blowin,0,/home/yamen/Projects/Technocolabs/sample_data/unpopular/Blunt Blowin - Lil Wayne.mp3
Beyonce,Countdown,0,/home/yamen/Projects/Technocolabs/sample_data/unpopular/Countdown - Beyonce.mp3
Nicki Minaj,Stupid Hoe,0,/home/yamen/Projects/Technocolabs/sample_data/unpopular/Stupid Hoe - Nicki Minaj.mp3
Taylor Swift,If This Was A Movie,0,/home/yamen/Projects/Technocolabs/sample_data/unpopular/If This Was A Movie - Taylor Swift.mp3
Taylor Swift,Sparks Fly,0,/home/yamen/Projects/Technocolabs/sample_data/unpopular/Sparks Fly - Taylor Swift.mp3
Drake,Hate Sleeping Alone,0,/home/yamen/Projects/Technocolabs/sample_data/unpopular/Hate Sleeping Alone - Drake.mp3
Britney Spears,Criminal,0,/home/yamen/Projects/Technocolabs/sample_data/unpopular/Criminal - Britney Spears.mp3
Drake,Shot For Me,0,/home/yamen/Projects/Technocolabs/sample_data/unpopular/Shot For Me - Drake.mp3
Rihanna,California King Bed,0,/home/yamen/Projects/Technocolabs/sample_data/unpopular/California King Bed - Rihanna.mp3
Coldplay,Every Teardrop Is A Waterfall,0,/home/yamen/Projects/Technocolabs/sample_data/unpopular/Every Teardrop Is A Waterfall - Coldplay.mp3
Taylor Swift,Mean,0,/home/yamen/Projects/Technocolabs/sample_data/unpopular/Mean - Taylor Swift.mp3
Rihanna,Man Down,0,/home/yamen/Projects/Technocolabs/sample_data/unpopular/Man Down - Rihanna.mp3
Maroon 5,Never Gonna Leave This Bed,0,/home/yamen/Projects/Technocolabs/sample_data/unpopular/Never Gonna Leave This Bed - Maroon 5.mp3
Drake,Marvins Room,0,/home/yamen/Projects/Technocolabs/sample_data/unpopular/Marvins Room - Drake.mp3
Avril Lavigne,Smile,0,/home/yamen/Projects/Technocolabs/sample_data/unpopular/Smile - Avril Lavigne.mp3
Taylor Swift,The Story Of Us,0,/home/yamen/Projects/Technocolabs/sample_data/unpopular/The Story Of Us - Taylor Swift.mp3
Rascal Flatts,I Won't Let Go,0,/home/yamen/Projects/Technocolabs/sample_data/unpopular/I Won't Let Go - Rascal Flatts.mp3
Nicki Minaj,Did It On'em,0,/home/yamen/Projects/Technocolabs/sample_data/unpopular/Did It On'em - Nicki Minaj.mp3
Chris Brown,No BS,0,/home/yamen/Projects/Technocolabs/sample_data/unpopular/No BS - Chris Brown.mp3
Nicki Minaj,Right Thru Me,0,/home/yamen/Projects/Technocolabs/sample_data/unpopular/Right Thru Me - Nicki Minaj.mp3
Carrie Underwood,Mama's Song,0,/home/yamen/Projects/Technocolabs/sample_data/unpopular/Mama's Song - Carrie Underwood.mp3
Rascal Flatts,Why Wait,0,/home/yamen/Projects/Technocolabs/sample_data/unpopular/Why Wait - Rascal Flatts.mp3
Coldplay,Christmas Lights,0,/home/yamen/Projects/Technocolabs/sample_data/unpopular/Christmas Lights - Coldplay.mp3
Daughtry,September,0,/home/yamen/Projects/Technocolabs/sample_data/unpopular/September - Daughtry.mp3
Akon,Angel,0,/home/yamen/Projects/Technocolabs/sample_data/unpopular/Angel - Akon.mp3
Ne-Yo,One In A Million,0,/home/yamen/Projects/Technocolabs/sample_data/unpopular/One In A Million - Ne-Yo.mp3
Ne-Yo,Beautiful Monster,0,/home/yamen/Projects/Technocolabs/sample_data/unpopular/Beautiful Monster - Ne-Yo.mp3
Nickelback,This Afternoon,0,/home/yamen/Projects/Technocolabs/sample_data/unpopular/This Afternoon - Nickelback.mp3
Kanye West,POWER,0,/home/yamen/Projects/Technocolabs/sample_data/unpopular/POWER - Kanye West.mp3
P!nk,Glitter In The Air,0,/home/yamen/Projects/Technocolabs/sample_data/unpopular/Glitter In The Air - P!nk.mp3
Ne-Yo,Champagne Life,0,/home/yamen/Projects/Technocolabs/sample_data/unpopular/Champagne Life - Ne-Yo.mp3
Miley Cyrus,Can't Be Tamed,0,/home/yamen/Projects/Technocolabs/sample_data/unpopular/Can't Be Tamed - Miley Cyrus.mp3
Justin Bieber,U Smile,0,/home/yamen/Projects/Technocolabs/sample_data/unpopular/U Smile - Justin Bieber.mp3
Carrie Underwood,Temporary Home,0,/home/yamen/Projects/Technocolabs/sample_data/unpopular/Temporary Home - Carrie Underwood.mp3
T.I.,I'm Back,0,/home/yamen/Projects/Technocolabs/sample_data/unpopular/I'm Back - T.I..mp3
Miley Cyrus,When I Look At You,0,/home/yamen/Projects/Technocolabs/sample_data/unpopular/When I Look At You - Miley Cyrus.mp3
Mary J. Blige,I Am,0,/home/yamen/Projects/Technocolabs/sample_data/unpopular/I Am - Mary J. Blige.mp3
Rascal Flatts,Unstoppable,0,/home/yamen/Projects/Technocolabs/sample_data/unpopular/Unstoppable - Rascal Flatts.mp3
Taylor Swift,Fearless,0,/home/yamen/Projects/Technocolabs/sample_data/unpopular/Fearless - Taylor Swift.mp3
Avril Lavigne,Alice,0,/home/yamen/Projects/Technocolabs/sample_data/unpopular/Alice - Avril Lavigne.mp3
Taylor Swift,Fifteen,0,/home/yamen/Projects/Technocolabs/sample_data/unpopular/Fifteen - Taylor Swift.mp3
Carrie Underwood,Cowboy Casanova,0,/home/yamen/Projects/Technocolabs/sample_data/unpopular/Cowboy Casanova - Carrie Underwood.mp3
Rihanna,Russian Roulette,0,/home/yamen/Projects/Technocolabs/sample_data/unpopular/Russian Roulette - Rihanna.mp3
Alicia Keys,Empire State Of Mind (Part II) Broken Down,0,/home/yamen/Projects/Technocolabs/sample_data/unpopular/Empire State Of Mind (Part II) Broken Down - Alicia Keys.mp3
Justin Bieber,One Less Lonely Girl,0,/home/yamen/Projects/Technocolabs/sample_data/unpopular/One Less Lonely Girl - Justin Bieber.mp3
Usher,Papers,0,/home/yamen/Projects/Technocolabs/sample_data/unpopular/Papers - Usher.mp3
Nickelback,Never Gonna Be Alone,0,/home/yamen/Projects/Technocolabs/sample_data/unpopular/Never Gonna Be Alone - Nickelback.mp3
Eminem,Elevator,0,/home/yamen/Projects/Technocolabs/sample_data/unpopular/Elevator - Eminem.mp3
Chris Brown,Crawl,0,/home/yamen/Projects/Technocolabs/sample_data/unpopular/Crawl - Chris Brown.mp3
Lil Wayne,On Fire,0,/home/yamen/Projects/Technocolabs/sample_data/unpopular/On Fire - Lil Wayne.mp3
P!nk,Funhouse,0,/home/yamen/Projects/Technocolabs/sample_data/unpopular/Funhouse - P!nk.mp3
Justin Bieber,Down To Earth,0,/home/yamen/Projects/Technocolabs/sample_data/unpopular/Down To Earth - Justin Bieber.mp3
Alicia Keys,Doesn't Mean Anything,0,/home/yamen/Projects/Technocolabs/sample_data/unpopular/Doesn't Mean Anything - Alicia Keys.mp3
Justin Bieber,Bigger,0,/home/yamen/Projects/Technocolabs/sample_data/unpopular/Bigger - Justin Bieber.mp3
Rascal Flatts,Summer Nights,0,/home/yamen/Projects/Technocolabs/sample_data/unpopular/Summer Nights - Rascal Flatts.mp3
Beyonce,Ego,0,/home/yamen/Projects/Technocolabs/sample_data/unpopular/Ego - Beyonce.mp3
Sean Paul,So Fine,0,/home/yamen/Projects/Technocolabs/sample_data/unpopular/So Fine - Sean Paul.mp3
LMFAO,I'm In Miami Trick,0,/home/yamen/Projects/Technocolabs/sample_data/unpopular/I'm In Miami Trick - LMFAO.mp3
Daughtry,You Don't Belong,0,/home/yamen/Projects/Technocolabs/sample_data/unpopular/You Don't Belong - Daughtry.mp3
Eminem,Beautiful,0,/home/yamen/Projects/Technocolabs/sample_data/unpopular/Beautiful - Eminem.mp3
Rascal Flatts,Here Comes Goodbye,0,/home/yamen/Projects/Technocolabs/sample_data/unpopular/Here Comes Goodbye - Rascal Flatts.mp3
Lil Wayne,Hot Revolver,0,/home/yamen/Projects/Technocolabs/sample_data/unpopular/Hot Revolver - Lil Wayne.mp3
Katy Perry,Thinking Of You,0,/home/yamen/Projects/Technocolabs/sample_data/unpopular/Thinking Of You - Katy Perry.mp3
Carrie Underwood,Home Sweet Home,0,/home/yamen/Projects/Technocolabs/sample_data/unpopular/Home Sweet Home - Carrie Underwood.mp3
Miley Cyrus,Hoedown Throwdown,0,/home/yamen/Projects/Technocolabs/sample_data/unpopular/Hoedown Throwdown - Miley Cyrus.mp3
Taylor Swift,You're Not Sorry,0,/home/yamen/Projects/Technocolabs/sample_data/unpopular/You're Not Sorry - Taylor Swift.mp3
Rihanna,Rehab,0,/home/yamen/Projects/Technocolabs/sample_data/unpopular/Rehab - Rihanna.mp3
Usher,Trading Places,0,/home/yamen/Projects/Technocolabs/sample_data/unpopular/Trading Places - Usher.mp3
Rascal Flatts,Here,0,/home/yamen/Projects/Technocolabs/sample_data/unpopular/Here - Rascal Flatts.mp3
Carrie Underwood,Just A Dream,0,/home/yamen/Projects/Technocolabs/sample_data/unpopular/Just A Dream - Carrie Underwood.mp3
Leona Lewis,Run,0,/home/yamen/Projects/Technocolabs/sample_data/unpopular/Run - Leona Lewis.mp3
Daughtry,What About Now,0,/home/yamen/Projects/Technocolabs/sample_data/unpopular/What About Now - Daughtry.mp3
Nickelback,I'd Come For You,0,/home/yamen/Projects/Technocolabs/sample_data/unpopular/I'd Come For You - Nickelback.mp3
Jonas Brothers,Lovebug,0,/home/yamen/Projects/Technocolabs/sample_data/unpopular/Lovebug - Jonas Brothers.mp3
Jonas Brothers,Pushin' Me Away,0,/home/yamen/Projects/Technocolabs/sample_data/unpopular/Pushin' Me Away - Jonas Brothers.mp3
Taylor Swift,Should've Said No,0,/home/yamen/Projects/Technocolabs/sample_data/unpopular/Should've Said No - Taylor Swift.mp3
Chris Brown,Take You Down,0,/home/yamen/Projects/Technocolabs/sample_data/unpopular/Take You Down - Chris Brown.mp3
Alicia Keys,Teenage Love Affair,0,/home/yamen/Projects/Technocolabs/sample_data/unpopular/Teenage Love Affair - Alicia Keys.mp3
Carrie Underwood,Last Name,0,/home/yamen/Projects/Technocolabs/sample_data/unpopular/Last Name - Carrie Underwood.mp3
Usher,Moving Mountains,0,/home/yamen/Projects/Technocolabs/sample_data/unpopular/Moving Mountains - Usher.mp3
Jonas Brothers,Play My Music,0,/home/yamen/Projects/Technocolabs/sample_data/unpopular/Play My Music - Jonas Brothers.mp3
Jonas Brothers,When You Look Me In The Eyes,0,/home/yamen/Projects/Technocolabs/sample_data/unpopular/When You Look Me In The Eyes - Jonas Brothers.mp3
Carrie Underwood,All-American Girl,0,/home/yamen/Projects/Technocolabs/sample_data/unpopular/All-American Girl - Carrie Underwood.mp3
Taylor Swift,Picture To Burn,0,/home/yamen/Projects/Technocolabs/sample_data/unpopular/Picture To Burn - Taylor Swift.mp3
Britney Spears,Break The Ice,0,/home/yamen/Projects/Technocolabs/sample_data/unpopular/Break The Ice - Britney Spears.mp3
Maroon 5,Won't Go Home Without You,0,/home/yamen/Projects/Technocolabs/sample_data/unpopular/Won't Go Home Without You - Maroon 5.mp3
Rascal Flatts,Every Day,0,/home/yamen/Projects/Technocolabs/sample_data/unpopular/Every Day - Rascal Flatts.mp3
Ne-Yo,Go On Girl,0,/home/yamen/Projects/Technocolabs/sample_data/unpopular/Go On Girl - Ne-Yo.mp3
Daughtry,Over You,0,/home/yamen/Projects/Technocolabs/sample_data/unpopular/Over You - Daughtry.mp3
Maroon 5,Wake Up Call,0,/home/yamen/Projects/Technocolabs/sample_data/unpopular/Wake Up Call - Maroon 5.mp3
Chris Brown,This Christmas,0,/home/yamen/Projects/Technocolabs/sample_data/unpopular/This Christmas - Chris Brown.mp3
Britney Spears,Gimme More,0,/home/yamen/Projects/Technocolabs/sample_data/unpopular/Gimme More - Britney Spears.mp3
Carrie Underwood,So Small,0,/home/yamen/Projects/Technocolabs/sample_data/unpopular/So Small - Carrie Underwood.mp3
Rascal Flatts,Winner At A Losing Game,0,/home/yamen/Projects/Technocolabs/sample_data/unpopular/Winner At A Losing Game - Rascal Flatts.mp3
Mary J. Blige,Work That,0,/home/yamen/Projects/Technocolabs/sample_data/unpopular/Work That - Mary J. Blige.mp3
Jonas Brothers,S.O.S.,0,/home/yamen/Projects/Technocolabs/sample_data/unpopular/S.O.S. - Jonas Brothers.mp3
Carrie Underwood,Do You Hear What I Hear,0,/home/yamen/Projects/Technocolabs/sample_data/unpopular/Do You Hear What I Hear - Carrie Underwood.mp3
Rascal Flatts,Take Me There,0,/home/yamen/Projects/Technocolabs/sample_data/unpopular/Take Me There - Rascal Flatts.mp3
Akon,"Sorry, Blame It On Me",0,"/home/yamen/Projects/Technocolabs/sample_data/unpopular/Sorry, Blame It On Me - Akon.mp3"
Ne-Yo,Do You,0,/home/yamen/Projects/Technocolabs/sample_data/unpopular/Do You - Ne-Yo.mp3
Avril Lavigne,When You're Gone,0,/home/yamen/Projects/Technocolabs/sample_data/unpopular/When You're Gone - Avril Lavigne.mp3
Gwen Stefani,4 In The Morning,0,/home/yamen/Projects/Technocolabs/sample_data/unpopular/4 In The Morning - Gwen Stefani.mp3
Beyonce,Get Me Bodied,0,/home/yamen/Projects/Technocolabs/sample_data/unpopular/Get Me Bodied - Beyonce.mp3
Kanye West,Can't Tell Me Nothing,0,/home/yamen/Projects/Technocolabs/sample_data/unpopular/Can't Tell Me Nothing - Kanye West.mp3
Carrie Underwood,Wasted,0,
T.I.,Top Back,0,
The Fray,Look After You,0,
Rascal Flatts,Stand,0,
Jonas Brothers,Year 3000,0,
Rascal Flatts,My Wish,0,
Taylor Swift,Tim McGraw,0,
The Fray,Happy Xmas (War Is Over),0,
Mary J. Blige,Take Me As I Am,0,
Beyonce,Listen,0,
Beyonce,Ring The Alarm,0,
Rascal Flatts,Me And My Gang,0,
Carrie Underwood,Don't Forget To Remember Me,0,
Gwen Stefani,Crash,0,
Gwen Stefani,Luxurious,0,
Rihanna,If It's Lovin' That You Want,0,
Lil Wayne,Fireman,0,
Alicia Keys,Unbreakable,0,
Rascal Flatts,Skin (Sarabeth),0,
